title,publishedDate,views,likes,comments
【METAL GEAR SOLID 1】we're making it off shadow moses with this one #sneakweek,2023-10-23,0,1015,0
【METAL GEAR COLLAB】just like my japanese animes (announcement),2023-10-22,70596,8119,95
tactical sneaky dance #sneakychallenge #metalgearsolid #shorts,2023-10-21,63191,8984,116
「SNEAKING - Mori Calliope」#MetalGearSolid #メタルギアソリッド #shorts,2023-10-20,37979,5779,120
【MV】 SNEAKING - Song by Mori Calliope（メタルギア公式コラボソング）,2023-10-20,624227,33890,2642
【MINECRAFT】time for spooky (open VC),2023-10-18,71068,7428,67
【スイカゲーム】the last time (open vc),2023-10-15,132315,10532,91
【MINECRAFT】haunted house build continues! (open VC),2023-10-13,81802,8862,56
weird cat #shorts,2023-10-11,136990,27151,581
【Draw & Chat】let's talk,2023-10-11,55549,6293,58
【スイカゲーム】just a little more... (open vc),2023-10-10,213658,12159,85
【MINECRAFT】Haunted House!! (open VC),2023-10-10,111253,10493,45
【踊ってみた】唱 (Show) / Ado #shorts,2023-10-09,344951,36685,369
【The Battle Cats】im beginning to feel like a cat god #sponsored #PR,2023-10-08,68645,6875,118
【スイカゲーム】over 3000 (open vc),2023-10-07,276852,17298,90
【Final Fantasy XVI】it's clivover (FINALE),2023-10-07,64307,6803,66
【ARMORED CORE VI】PVP with Bijou! @KosekiBijou,2023-10-06,100481,9065,92
【踊ってみた】粛聖!! ロリ神レクイエム☆ / しぐれうい #shorts,2023-10-06,336688,49290,639
【スイカゲーム】i get it now,2023-10-05,283571,18606,86
mori rolls the dice!! #blahblahchallenge #hololiveenglish #shorts,2023-10-04,193124,25514,251
【スイカゲーム】wanna know the hype around this fruit game (日本語ちっと話す,2023-10-03,173643,13023,111
【THANK YOU】Chat and Reading Your Messages!!,2023-10-03,48840,7037,36
【DEVOUR】Time and Death Say Howdy to Ghosts...with @OuroKronii,2023-10-02,104455,10873,81
"【ASMR】Husky Voice is All I Got...! Oil Massages, Too!",2023-10-01,248369,14222,185
...I wanted to tell you something.#世界のおわりボイス #shorts,2023-09-30,102825,17868,204
"【KARAOKE / 歌枠】ENDURANCE! Until 2,300,000 Subscribers!!",2023-09-29,173399,18845,202
【MINECRAFT】Cooking Something Special?! (open VC),2023-09-28,74951,8519,60
【F-ZERO 99】DEATH MATCH...with the Grim Reaper.,2023-09-25,91396,8092,103
【BALDUR'S GATE 3】moriope is god (part 4),2023-09-24,65989,6157,51
【Lies of P】this town's finished (part 1),2023-09-24,92779,8067,88
【Final Fantasy XVI】what sights clive will show you (part 6),2023-09-22,51780,5576,68
【SUPER SMASH BROS ULTIMATE】bau bau showdown!! #fuwamocalli,2023-09-21,123745,12379,143
【DRAWING】Doodling Advent Art and Chatting,2023-09-20,104555,10984,71
【BALDUR'S GATE 3】moriope SMASH!!! (part 3),2023-09-18,52309,5392,66
【GRINDING & THANKING】Grinding In-Game and Reading Supers!!,2023-09-15,78856,8539,51
INTERNET YAMERO!! (English Cover),2023-09-14,258274,31942,179
【MYTH ANNIVERSARY】Welcome to HoloMONEY Island!!!,2023-09-13,163045,16285,193
【3 YEAR ANNIVERSARY】Concert! Celebrating! Announcements!【3周年記念】#3YearsMori,2023-09-13,136557,16290,302
【ENGLISH COVER】INTERNET YAMERO (Mori Calliope),2023-09-13,1543024,108599,2204
【STORY VIDEO】Don't Fear the Reaper,2023-09-13,156002,24514,1554
【I'm On Observation Duty】no cowards allowed,2023-09-11,97837,9472,75
【ARMORED CORE VI】The Lights in the Sky Are Stars (FINALE),2023-09-10,118233,8847,96
【ARMORED CORE VI】NEW GAME ++ (part 6),2023-09-09,83769,6076,71
【ARMORED CORE VI】NEW GAME + !!! #5,2023-09-08,99815,7416,62
【Starfield】wanna go to space!! #2,2023-09-06,78018,7559,54
【HOLO FAN GAMES】Playing Hololive Games All Day!,2023-09-05,96744,8995,72
"【ARMORED CORE VI】Later, Buddy... #4",2023-09-04,155152,9131,127
【Starfield】Trying Out A New Space Adventure!,2023-09-03,173953,13163,134
"【ARMORED CORE VI】Row, Row, Fight the Power! #3",2023-09-01,120440,7773,162
【BALDUR'S GATE 3】very very teamwork (part 2),2023-08-31,83291,6975,63
【PARASOCIAL | パラソーシャル】creeping on the reaper is not advised,2023-08-30,79207,7737,88
【ARMORED CORE VI】Pierce the Heavens With Your Money Mech! #2,2023-08-28,160653,9916,136
【ARMORED CORE VI】I Said I'm Gonna Pilot that Thing!! #1,2023-08-26,313916,16379,337
【HOLOCURE】i'm winning,2023-08-25,113314,10392,73
【BALDUR'S GATE 3】don't you know? you never split the party. (part 1),2023-08-22,224279,14498,108
【PHONE AD GAMES】mucho texto,2023-08-22,117492,10873,74
the queen of darkness #shorts,2023-08-21,68715,7374,95
【LYRIC DIVE】Explaining It All! #JIGOKU6,2023-08-21,37134,5195,109
"New Original Song - ""Black Sheep"" by Mori Calliope #shorts",2023-08-18,71929,10143,90
【3D CONCERT】JIGOKU 6 RELEASE LIVE !! 地獄でライブやってる！！,2023-08-18,105061,13191,231
[MV] Black Sheep - Mori Calliope (prod. by Koichi Tsutaya),2023-08-18,506339,32103,888
【飲み会】日本ニキ、遊ぼう！（日本語）,2023-08-17,61440,7531,54
【Truth of Beauty Witch】Marine-Senpai is in a Horror Game?!,2023-08-15,79236,7407,79
【OFF COLLAB】House Party with Marine & Bae! (日本語),2023-08-14,177707,15674,77
【MINECRAFT HOLOID CUP】smells like team spirit,2023-08-13,61662,6766,47
【HOLOCURE】MONEY GRINDING. Finding a New Meta...?,2023-08-12,94227,8116,56
Mori Calliope - New EP「JIGOKU 6」Teaser ［8.18 Release］,2023-08-12,70851,6769,221
【HOLOCURE UPDATE】Early Access to More Holo Goodness!!,2023-08-11,147578,11906,62
【Pokémon Unite】i know the meta #ポケモンユナイト世界大会 #sponsored,2023-08-10,65376,6443,81
"【Final Fantasy XVI】the price is wrong, b*tch (part 5)",2023-08-08,79483,7090,71
【NIGHT SECURITY】ain't afraid of no ghosts,2023-08-07,116597,11589,92
【CELEBRATE! 雑談】Chatting About MV and Reol Song Collab~!,2023-08-05,34700,4724,88
NEW SONG! 虚像のCarousel feat. Reol,2023-08-05,78991,8706,70
【MYSTERY KARAOKE】My Dream Collaborator is...,2023-08-04,134914,13832,117
【MV】虚像のCarousel / Mori Calliope × Reol,2023-08-04,956773,62500,1601
【HOLOSHRINE REVIEW】show us the goods #holoshrining,2023-08-02,135258,11858,152
【POOL PARTY】Swim-suit Chatting!!,2023-07-30,135192,12737,103
【We Love Katamari REROLL+ Royal Reverie】they see me rollin' (SPOILERS),2023-07-29,61247,6454,47
【HOT SPRINGS!!】relaxing in traditional japanese onsen~!,2023-07-27,81579,8827,74
"New Song! ""six feet under"" by Mori Calliope x TK #shorts",2023-07-26,73077,10370,81
【mystery stream】what is going on????,2023-07-26,212078,15220,96
【MORI24】24 HOUR STREAM - PART 4,2023-07-25,162422,13522,113
【MV】six feet under / Mori Calliope (produced by TK),2023-07-25,740388,33769,1063
【MORI24】24 HOUR STREAM - PART 3,2023-07-24,219778,16417,64
【MORI24】24 HOUR STREAM - PART 1,2023-07-24,228371,19556,79
【thank you】calm before the storm...reading supers.,2023-07-23,55224,6975,50
【Performance Video】未来島 ~Future Island~ / Mori Calliope（『ONE PIECE』106巻公式テーマソング）,2023-07-23,224828,17061,304
【VAUDEVILLE】Mori Vs. AI CRIMINALS!!,2023-07-22,65199,6709,110
未来島 ~Future Island~ / Mori Calliope x ONE PIECE #shorts,2023-07-21,47122,6283,82
【Pizza Tower】i cooka da pizza,2023-07-21,70945,6488,74
【TROUBLE DAYS】how bad can it be?,2023-07-20,161209,12494,304
Calli VS Goldfish #ホロサマshorts #hololivesummer2023 #shorts,2023-07-20,207674,32585,491
【Pizza Tower】a spicy meatball,2023-07-18,119132,8892,122
【DRAWING】ONE PIECE Characters!! #カリオペワンピ,2023-07-17,79866,8287,82
【MV】未来島 ~Future Island~ / Mori Calliope（『ONE PIECE』106巻公式テーマソング）,2023-07-17,3468327,100320,2096
【Final Fantasy XVI】time for anime (part 4),2023-07-15,87076,6443,82
【PAINTING!!】tiny canvas painting (handcam),2023-07-14,68127,7356,61
"【Final Fantasy XVI】it hurts, but we do it for clive (part 3)",2023-07-12,100700,7564,78
【HOLOMYTH COLLAB】英語タイム！English Time with Myth Girls!! #holomyth,2023-07-09,228942,19103,249
【NEW OUTFIT || 新衣装】ONE PIECE x Mori Calliope! Plus KARAOKE!! #カリオペワンピ,2023-07-08,375230,27802,287
【Street Fighter 6】A BEAUTIFUL STAR.,2023-06-30,102279,7445,73
Mori Calliope x HYTE PC Collab Case! #shorts,2023-06-29,295946,40479,433
【Final Fantasy XVI】what the dog doin' (part 2),2023-06-28,96700,6606,80
【TAKAMORI OFF-COLLAB】with a secret guest...?? feat. @TakanashiKiara @KoboKanaeru,2023-06-27,247072,21677,465
【GUILTY GEAR STRIVE】bed tactics​,2023-06-27,55847,5759,45
【Final Fantasy XVI】final fantasy sixteen (part 1),2023-06-26,134887,8937,110
"【ONLY UP!】so hiiiiiiiiiigh, so hiiiiiiiigh...",2023-06-25,178724,11925,170
【NEW ROOM + KARAOKE】welcome to my crib,2023-06-24,78771,8848,84
【MINECRAFT】underground bunker time!! (open vc),2023-06-22,80538,7696,65
【MINECRAFT】im homeless,2023-06-20,73854,7769,91
【DIABLO IV】dia bolo,2023-06-19,69861,6818,72
【Getting Over It】this has to end pt. 3 (open vc),2023-06-17,92989,9116,112
【Getting Over It】endurance until i finally beat it pt. 2 (open vc),2023-06-15,91537,7614,85
【ONLY UP!】can we get much higher?,2023-06-13,128041,8916,105
【Getting Over It】endurance until i finally beat it pt. 1 (open vc),2023-06-11,141435,11296,94
【GUILTY GEAR STRIVE】the battle is on. with @NinomaeInanis,2023-06-10,97292,9120,170
【SUPERS】come hang out or else,2023-06-10,43225,6012,57
【RESIDENT EVIL 2】Evil That is Resident (MARATHON),2023-06-09,72892,7436,61
【Plug & Play / KUUKIYOMI】日本語で頑張りたい！！英語禁止ですよ！！,2023-06-08,76864,8219,73
【MINECRAFT】Open VC While Building HoloFight Club!,2023-06-08,108740,10377,47
『JIGOKU 6』EP Trailer,2023-06-07,108376,8910,263
【HUGE ANNOUNCEMENT】singing until i reveal something so big you might pass away,2023-06-07,102234,10710,117
【MV】 アイドル - IDOL / YOASOBI (Mori Calliope Cover),2023-06-07,1679011,121517,2494
【KATANA ZERO】unhinged samurai sh*t,2023-06-06,73061,8227,74
no more internet #shorts,2023-06-03,546201,73098,762
【ASMR】Sleepy Rambles and Good Vibes!,2023-06-02,325226,12683,273
like nya #shorts,2023-06-01,110492,21454,674
【ASMR】Relaxing Spa Day at the Beach~!,2023-05-31,177377,9585,162
sweet music #shorts,2023-05-30,145707,26030,931
【The Outlast Trials】outlasting my friends (collab),2023-05-28,73921,8334,68
【FURI】this game is incredible,2023-05-27,97072,8886,107
【Amanda the Adventurer】looks like a cute game!!,2023-05-25,129834,9374,212
【POCKET MIRROR】i love cute girls,2023-05-23,72669,7553,58
【RING FIT】reaper fit...in 3D!! (full body tracking),2023-05-21,105667,9868,110
【TTRPG: GUN】The Dunces of the Dying West (ONE-SHOT SESSION),2023-05-20,251804,15939,632
【TTRPG: GUN】Cowboy Character Creation Episode,2023-05-19,183981,14848,403
【RAID: SHADOW LEGENDS】Legendary Sponsor Stream IKZ #sponsored,2023-05-19,31388,4577,111
【HOLOYOI || ホロヨイ】EPISODE #03 - Subaru and Botan! Alcohol 0% Version #holoyoi,2023-05-18,133274,12414,100
"【RESIDENT EVIL 2】the bloodline, leon",2023-05-16,90256,8463,73
【EURO TRUCK SIMULATOR】mother trucker,2023-05-15,73478,7753,72
【JAPAN 101】Tips from Tokyo's Tourism Ambassador!!,2023-05-12,88561,9905,80
【IDOL SHOWDOWN】faito!! surprise announcement for #holoENConnect with @NinomaeInanis,2023-05-11,99651,10339,100
【RIMWORLD】rimworld.​,2023-05-09,103894,9777,97
【CALM ASMR】Playing With Slime + Soft Whispers! (handcam),2023-05-08,412573,17377,241
【IDOL SHOWDOWN】throwing down!! with @TsunomakiWatame,2023-05-06,174383,11560,107
【MYTHBREAKERS TTRPG】FINAL SESSION #mythbreakers,2023-05-05,165902,15122,314
【MYTHBREAKERS TTRPG】RECAP EPISODE - The Story Thus Far #mythbreakers,2023-05-05,67970,8275,101
【TOWA COLLAB】We Are GENIUS. ぷよぷよ天才？！？！@TokoyamiTowa,2023-05-05,87003,8553,52
【SPOOKY'S JUMPSCARE MANSION】reaper fears nothing,2023-05-04,102557,8401,115
【MOM COLLAB】Card Games and Blu-ray release celebration with mama mori!!!,2023-05-03,75460,8357,95
"【acapella】no talk, only sing",2023-05-03,98419,11140,135
【MINECRAFT COLLAB】treasure hunt!! with @NinomaeInanis @KaelaKovalskia,2023-05-02,78146,8759,60
【CHOO CHOO CHARLES】smooch the horror train,2023-05-02,93482,9452,77
Reaper vs. Sheep -Ouen ver.- 角巻わため x Mori Calliope [NEW UNDERWORLD ORDER],2023-04-30,113100,10119,193
【MINECRAFT】creating holo fight club,2023-04-27,103329,10129,83
【UNBOXING】the holy grail of all collector's items,2023-04-27,34898,3929,57
Live Again / end of a life - Mori Calliope [NEW UNDERWORLD ORDER],2023-04-27,90485,9204,230
【JUMP KING】ghost babe,2023-04-26,68741,7648,67
【JUMP KING】jumping until my internet gives out (or even longer),2023-04-25,122104,11680,83
"i am OK, SORRY",2023-04-24,370526,28210,835
【MINECRAFT】father son exploring with @KoboKanaeru !!,2023-04-24,194903,16223,173
【TERRA NIL】celebrating earth day!! saving our planet!!,2023-04-23,98730,10400,62
【歌枠】日本語で歌う！！KARAOKE TIME!,2023-04-21,118622,11967,89
【CRANE GAME】catching MYSELF and other Holo figures!!,2023-04-21,90084,8977,70
【HOLOYOI || ホロヨイ】EPISODE #02 - Noel and Flare! #holoyoi,2023-04-20,93628,10346,83
【MORI TIME】chatting and grinding through your messages!,2023-04-19,69205,8805,53
【FAN MADE GAMES】playing games made by you guys!!,2023-04-18,172662,14191,79
【THE TYPING OF THE DEAD: OVERKILL】two finger typer enters,2023-04-17,86773,8352,102
【コラボ】ライブの感想！feat. すいせい先輩 / Talkin' Live Shows with Suisei!,2023-04-12,88382,9430,82
【Q REMASTERED】brain hort,2023-04-12,99682,8779,64
[NEW UNDERWORLD ORDER] Kamouflage - Mori Calliope (First Solo Concert),2023-04-12,88792,7804,141
【WEST OF LOATHING】sherf,2023-04-11,81334,8585,85
【CONTRABAND】stoppin' CRIME,2023-04-10,85127,8490,68
【CARD OPENING】Can We Pull Best Girl? Or All 56 of Them...? Weiβ Schwarz! 開封/カメラ有り,2023-04-10,90431,8396,95
【PERSONA 3】baby baby baby baby baby baby yeeeEEEEEAAAAAAHHHHHHH,2023-04-09,68646,6784,60
【RESIDENT EVIL 4 REMAKE】for real finale (SPOILER WARNING),2023-04-07,45676,5018,85
【MV】Salamander (Mori Calliope Cover),2023-04-06,1446141,58599,824
【RESIDENT EVIL 4 REMAKE】ending this whole gosh darn thing (SPOILER WARNING),2023-04-06,58474,6015,65
【BIRTHDAY 3D】Karaoke Birthday Bash! #happymoriday,2023-04-04,273179,27044,316
【NEW OUTFIT REVEAL】there's a new sheriff in town. #sheriffgami,2023-04-01,210444,20183,425
【PERSONA 3】unhinged hours,2023-03-31,45566,5115,48
【RESIDENT EVIL 4 REMAKE】oppai no pero pero sauce (SPOILER WARNING),2023-03-28,77275,7184,81
【RESIDENT EVIL 4 REMAKE】leon!!!! (SPOILER WARNING),2023-03-26,180860,10259,163
"【PERSONA 3】""play something else."" ""no.""",2023-03-25,52734,6130,53
【PERSONA 3】waiting to shoot monsters by shooting ourselves,2023-03-24,83666,8532,48
【HOLOYOI || ホロヨイ】EPISODE #01 - Lui and Chloe! #holoyoi,2023-03-23,140623,12567,106
【PERSONA 3】where is the love hotel you cowards,2023-03-22,71889,7549,54
【PERSONA 3】our usual nighttime mayhem!,2023-03-21,98112,9528,59
【PLANET COASTER】mr bones wild ride never ends,2023-03-20,112170,10203,92
【CONCERT CHAT!!】Warming Up for Tomorrow!!,2023-03-18,82775,9445,112
【melatonin】sleepy reapy,2023-03-16,109287,11143,61
【MV】可愛くてごめん // Sorry I'm So Cute! (Mori Calliope Cover),2023-03-14,3008715,149962,4585
【WHITE DAY】Story Time!! My Adventures in Taipei and Beitou!,2023-03-14,98034,10110,97
【BIG SURPRISE + PERSONA 3】You Aren't READY.,2023-03-10,91908,9277,98
"please, not takotime... #shorts",2023-03-06,118851,14619,215
【OFF COLLAB】Rubix Cube and Chill...with Takanashi Kiara!,2023-03-02,147135,12908,126
【MONOPOLY】what hath god wraught,2023-03-01,233009,18011,595
monopoly #shorts,2023-03-01,525614,71138,490
【THANK YOU】Chill Message Reading!!,2023-02-28,90417,9235,59
【DEAD SPACE REMAKE】Make Them Whole. (FINALE),2023-02-27,158959,14149,68
【3D SHOWCASE】 I WILL NOW SHOW YOU MY BODY. 3Dお披露目 #Mori3D,2023-02-26,417783,40834,675
【DEAD SPACE REMAKE】hi i'm terrified (12 hour marathon),2023-02-24,240663,17220,189
"Mori Calliope Major Debut Concert ""New Underworld Order"" Blu-ray Release Teaser",2023-02-24,88018,6584,134
【OFF COLLAB】Watching Suisei's 2nd Concert Together~!,2023-02-20,105614,9235,88
【日本語、教えて！】JP BROS! 新しい言葉知りたいなぁ！,2023-02-19,105045,10352,61
apex.,2023-02-18,193422,13640,62
【HOLOCURE】FINALLY Saving the Fans Again! NEW UPDATE!,2023-02-17,105620,10938,89
【MYTH OFF COLLAB】BIG NEWS!! Party At Calli's! #holomyth,2023-02-15,281878,29073,356
【hi】hi.,2023-02-13,139656,15041,120
【!!NEW OUTFIT!!】Let's Get Comfy!! #oyasumori,2023-02-07,338825,30280,417
【CHADCAST #13】 OFF COLLAB PIZZA PARTY,2023-02-06,137977,12944,130
【???】T A K I N G   O V E R.,2023-02-05,183604,16137,435
【ASMR】CAT SOUNDS! feat. Tutu and Ghostcat,2023-02-04,145230,10873,158
[PERSONA 3 PORTABLE] Did You See That Shinji (SPOILER ALERT),2023-02-03,61687,6135,65
【GEOGUESSR】world traveler mori,2023-02-02,91758,8792,96
【hi】guess whose back,2023-02-01,113715,13902,122
[NEW UNDERWORLD ORDER] MERA MERA - Mori Calliope / 関ジャム【プロが選ぶ2022年の年間マイベスト10曲】蔦谷好位置さん選曲,2023-01-22,356515,21397,419
[PERSONA 3 PORTABLE] I’ve Been Waiting For This!! #sponsored #ad,2023-01-19,150263,11951,352
【Chill Build】Chatting and making a cat tower for Tutu!,2023-01-18,75626,7444,92
【MONOPOLY】hahahahahahahaha!,2023-01-16,327081,24201,960
【thank you】reading thank you's in an empty room (i moved),2023-01-13,62831,7602,88
【chatting】cats cats cats c,2023-01-10,88938,10717,123
【日本語でゲームやる！！】空気読み！いい日本人になりますように！！,2023-01-07,109798,9680,97
【RIVER CITY GIRLS 2】Punching Literally Everyone with Monarch!,2023-01-06,72367,7014,71
[MV] Dance Past Midnight - Mori Calliope feat. AmaLee,2023-01-06,820590,54981,1583
【PERSONA 5 ROYAL】you wouldn't steal a (SPOILER ALERT),2023-01-05,94807,6409,73
【POKEMON SCARLET NUZLOCKE】THE (LONG) LAST STRETCH!,2023-01-03,165538,11879,145
【THANK YOU!】Reading Your Sweet Messages!,2023-01-02,121916,13074,131
【NEW YEARS PARTY】COUNTING DOWN 2023!,2023-01-01,158235,15668,140
【CHRISTMAS SINGING】Mori Family Caroling!! feat. My Mom,2022-12-26,109879,12299,194
"【Groove Coaster Wai Wai Party!!!!】Let's Groove, Skeletons!!",2022-12-23,82990,7580,84
【APEX LEGENDS COLLAB】eypegs leggings (with Ama Lee and rpr),2022-12-19,105850,10395,136
[MV] Taste of Death - Mori Calliope x KIRA,2022-12-18,1898438,57592,865
【MINI 3D CONCERT】Preview of #sinderellive !!,2022-12-18,58701,7959,91
i do live show #shorts,2022-12-17,190406,27044,269
【ALBUM RELEASE PARTY】SINNING HARD TODAY. #SINDERELLA,2022-12-16,63895,7632,115
"[MV] Wanted, Wasted - Mori Calliope x Takuya Yamanaka (THE ORAL CIGARETTES)",2022-12-16,1438302,50157,1157
【KARAOKE】Singing This Reaper's Heart Out!,2022-12-15,86500,9603,98
【PERSONA 5 ROYAL】time for BEST BOY. (SPOILER ALERT),2022-12-14,97157,7082,72
SINDERELLA is dropping soon...! #shorts,2022-12-14,175197,23421,190
【CASUAL ASMR】just sounds i like!!,2022-12-13,434381,14790,178
【CATS ORGANIZED NEATLY】catlliope meowri,2022-12-12,84244,9148,66
【PERSONA 5 ROYAL】purse owner (SPOILER ALERT),2022-12-10,99880,7635,83
【COUNTERSIDE】what the myth doin'! #CounterSide #CounterSideGlobal #CounterSideCollab,2022-12-10,127295,8989,131
【DRAGON QUEST TREASURES】get money get money get money #DragonQuestTreasures #sponsored,2022-12-09,39227,4481,49
【POKEMON SCARLET NUZLOCKE】i don't know what the title do,2022-12-08,75429,6424,73
【PERSONA 5 ROYAL】Speedo-Man Has GOT TO GO. (SPOILER ALERT),2022-12-06,143199,9736,85
youtube music weekend obligatory SHORT!!! #shorts #youtubemusicweekend,2022-12-04,92633,13244,91
【CHADCAST #11】Tell Us Your WEIRD FACTS. #chadlytrivia or @chadlyadvice,2022-12-04,160066,13099,228
【THANK YOU】Reading Your Kind Messages! ♡,2022-12-03,106796,11721,107
did you watch it and if not wtf #shorts #youtubemusicweekend,2022-12-03,54981,7321,92
【PERSONA 5 ROYAL】I Am IRREVEReNT. (SPOILER ALERT),2022-12-02,134865,9120,135
【POKEMON SCARLET NUZLOCKE】new friends! new adventures!,2022-12-01,107745,8876,86
Mori Calliope - Major 1st Album SINDERELLA Teaser [12/16 Release],2022-11-30,202784,14832,494
【PERSONA 5 ROYAL】It's Finally Time. (SPOILER ALERT),2022-11-27,257750,14506,268
Mori Calliope - The Grim Reaper’s Winter Concert! YouTube Music Weekend Vol.6,2022-11-26,84462,9711,192
【POKEMON SCARLET NUZLOCKE】gangsta's paradise only grows,2022-11-26,93060,7399,81
【FOOD REVIEW】show us your spaghetti-o's #holoyumyum,2022-11-25,137817,12679,173
【ASMR】Relaxing Maid Cafe!,2022-11-24,641414,23549,427
【POKEMON SCARLET】pink guy knows no mercy,2022-11-22,111805,8293,83
【KARAOKE】Full Body Tracking AHOY,2022-11-21,243444,21928,158
[MV] NEZUMI Scheme - Calliope Mori x FAKE TYPE.,2022-11-21,2304120,81557,2267
【THY CREATURE】Thigh? Creature? I'm IN. #ThyCreature #DarkFantasy #indiegame,2022-11-20,51290,5925,74
【POKEMON SCARLET】sending EVERYONE to the Shadow Realm!,2022-11-19,104559,8078,93
【POKEMON SCARLET】nuzlocke time!!!,2022-11-18,187176,13616,180
【DRAWING】Let's Draw A Cute Girl,2022-11-16,98073,12078,100
【KATAMARI DAMACY REROLL】DADDY PLEASE LOVE ME (KataMarathon),2022-11-13,74427,7285,95
【KATAMARI DAMACY REROLL】keep rollin' rollin' rollin' rollin' WHAT,2022-11-11,87565,8054,120
【WATCH-A-LONG】HOLOSTARS CONCERT!! with Magni Dezmond,2022-11-10,55489,6365,192
【SUPERS】smash smash smash smash smash,2022-11-05,85860,9379,85
"【SCARY GAMES】What Up, Satan. It's ""Your Boy.""",2022-11-02,134132,11997,84
【HAPPY HALLOWEEN】BOO!!,2022-10-31,147213,13266,85
[ORIGINAL SONG] I'm Greedy - Mori Calliope,2022-10-31,485835,32106,1179
【FOREWARNED】don't scary (COLLAB),2022-10-27,92510,9054,80
【TROMBONE CHAMP】trombone-ing with y'all,2022-10-26,125970,10817,101
【HOLOPOETRY】Word-smith. RHYMES.,2022-10-25,68584,7953,105
【IZAKAYA PARTY】BIG NEWS！！日本語で挑戦してみたいよ！！,2022-10-21,87191,8469,93
【PUNISHMENT GAME】SPINNING WHEELS as I READ SUPERS!!,2022-10-15,162923,14845,95
[MARIO PARTY SUPERSTARS] terrible idea terrible stream,2022-10-14,242045,18561,460
【GLOVER】getting HANDSY,2022-10-12,81485,8556,142
【日本語、教えて！】 ラーメン屋で勉強したいなぁ～！英語禁止,2022-10-12,175820,15482,133
[ANNOUNCEMENT] Announcing Something (CHECK DESCRIPTION).,2022-10-11,176487,15738,204
【MV】Non-Fiction 【hololive English -Myth- Original Song】,2022-09-30,3912094,175634,3955
you can't do this to me,2022-09-27,173180,13643,685
【WORMS W.M.D】HoloWorm Match 2 Commentator's Desk w/ @Amelia Watson,2022-09-24,241383,18577,267
Reaper vs. Sheep -Ouen ver.- 角巻わため x Mori Calliope (Original MV),2022-09-23,1450739,69380,1139
【MV】Scuffed Up Age - Mori Calliope (Original Song),2022-09-20,1190016,54720,1197
soup before flying away,2022-09-20,106359,11019,79
[HAPPY 2ND ANNIVERSARY] It's Been 2 Years?! Announcements and Fun Stuff!!,2022-09-12,185314,19767,318
【COVER】The World's Continuation / 世界のつづき / Calliope Mori (ONE PIECE: FILM RED),2022-09-12,830312,48943,1402
[LIVE A LIVE] FINALE!! Heroes Assemble! (Part 6) SPOILERS!! + Superchats,2022-09-12,83891,8386,65
[HOLOCURE] Big BIG UPDATE?! Let's Reap!,2022-09-10,125697,11348,90
[BIG ANNOUNCEMENT] ??? what??,2022-09-10,148970,14167,136
[RUST SEASON 3] i have a new roommate :3,2022-09-09,139299,12887,141
[LIVE A LIVE] Who Is He?!?! (Part 5) SPOILERS!!,2022-09-08,55781,6187,110
"【VA-11 Hall-A】MAKING DRINKS From the Game! Then, REAL FINALE!",2022-09-04,185901,15362,169
[LIVE A LIVE] ni ni ninja!!! (Part 4) SPOILERS!!,2022-09-03,85282,8922,78
"[RUST S2 FINALE] Sayonara, Cowboy Land.",2022-09-01,163109,11112,401
NEXT MANGA AWARDS 2022 with  @Gigguk  ! #NextMangaAwards,2022-08-31,182490,16039,256
[RUST] ...no one is going to show up to the peace bbq are they,2022-08-31,190069,14229,110
"[DEAD BY DAYLIGHT] Straight Outta Horror. Collab with Kronii, Bae, Altare and Vesper!",2022-08-30,200202,15908,479
[GUERILLA RUST] Preparing for PEACE.,2022-08-28,124039,10788,87
[DRAWING] EVEN MORE HOLOEN SWIMSUIT DESIGNS!!,2022-08-27,194754,16649,133
"[LIVE A LIVE] LET'S DO THIS, MATSU!!! Also, I'm Going to Marry Cube! (Part 3.5) SPOILERS!!",2022-08-26,80460,7534,95
[RUST] Grim Reaper JOINS THE FRAY.,2022-08-23,213952,15673,102
【VA-11 Hall-A】Mixing Finales and Changing Lives... (FINALE PART 1),2022-08-22,86389,8843,78
[RUST test] how dare people have fun without me,2022-08-22,208357,14972,130
[NEW UNDERWORLD ORDER] Wicked - Hoshimachi Suisei feat. Mori Calliope (First Solo Concert),2022-08-19,594293,31648,457
[cursed drawing collab] turning holos into........,2022-08-19,180625,15739,227
[JUMP KING] e,2022-08-18,147937,13459,119
"[ORIGINAL SONG] Let's End the World - Mori Calliope, Giga & TeddyLoid",2022-08-17,2211684,74532,1571
[SMASHING SUPERS] get IN HERE.,2022-08-17,57190,7003,61
[DRAWING] HOLOEN SWIMSUIT DESIGNS!!,2022-08-16,295949,21695,151
[LIVE A LIVE] fuuuuuuuuuuture. Akira and Cube's Stories! (Part 3) SPOILERS!!,2022-08-15,88959,8652,124
[NEW UNDERWORLD ORDER] DEAD BEATS - Calliope Mori x TeddyLoid mix (First Solo Concert),2022-08-14,319188,21568,473
【GOLF TRIP!!】Uncle Dad Versus...Other Dad. with Vesper Noir!,2022-08-13,202716,21347,544
【VA-11 Hall-A】Living Changes and Drinking Mixes. (Part 4),2022-08-12,93954,9835,82
[CLUBHOUSE 51] ...with My Mama~! (Collab Stream),2022-08-10,172567,16912,155
[POOLSIDE CHATTING] Laid-Back Summer Chat with You Guys!,2022-08-09,130948,12923,101
[NEW UNDERWORLD ORDER] HUGE W - Calliope Mori x TeddyLoid mix (First Solo Concert),2022-08-08,396105,25792,596
[CONCERT WATCH-A-LONG] Bopping Together to My First Major Concert...! #callisolo,2022-08-06,131764,12019,108
【ELDEN RING FINAL】Become ELDEN LORD. (SPOILER ALERT),2022-08-05,207907,15599,210
[LIVE A LIVE] There's A New Sheriff in Town. Sundown Kid + Shifu (Part 2) SPOILERS!!,2022-08-04,108910,9408,93
【ELDEN RING #19】It's TOO HOT. (SPOILER ALERT),2022-08-03,123261,11442,90
[LIVE A LIVE] The Greatest Story Ever Told. ft. Baki & UNGA BUNGA CAVE MAN (Part 1) SPOILERS!!,2022-08-02,163709,12291,147
[STRAY - ASMR GAMING] Catlliope Meowri Hunts Again. (FINAL),2022-07-30,96694,9780,77
【CHAD CAST #07】Camping Trip with my CHAD BEST FRIENDS.,2022-07-29,218682,17234,249
【THE QUARRY - FINALE】pee pee peanut butter butter pops. (Part 2),2022-07-28,145007,12356,117
[ORIGINAL SONG] Kamouflage - Mori Calliope,2022-07-27,1058087,43756,778
"【ELDEN RING #18】I'm Back, Silly Bakas. (SPOILER ALERT)",2022-07-26,153919,12900,91
[STRAY - ASMR GAMING] Everybody Wants to Be a Cat! (Part 1),2022-07-25,232131,19420,178
[AMONG US COLLAB] guh mongus #AmongHolo,2022-07-23,144578,12938,141
[REFLECTION] First Concert...It Happened. #callisolo,2022-07-22,156514,14953,347
"【C-MAN IS GOATED】DEBUT AS THE TRUE ""STAR: I DESERVE TO BE.",2022-07-20,181307,15508,375
[ORIGINAL SONG] Make ‘Em Afraid - Mori Calliope,2022-07-20,2276730,69663,1283
SHINIGAMI NOTE Release Party!,2022-07-19,92087,9796,98
【VA-11 Hall-A】Mixing Changes and Living Drinks. (Part 3),2022-07-18,113083,10755,103
【KARAOKE】LAST SPUR Before Live Show! Exciting Updates! Singing My Heart Out!,2022-07-18,167196,17197,180
【SPECIAL UNBOXING】SHINIGAMI NOTE Limited Edition EP Unboxing?!,2022-07-17,88063,8478,285
【日本語のカラオケ】歌ってるよ！そして特別なプロモーションがある。。。！,2022-07-16,264296,22484,193
【GOLF IT!】Father Daughter GOLF with Kobo Kanaeru!,2022-07-15,259345,21441,392
【POWERWASH SIMULATOR】washing.,2022-07-10,167380,14216,132
【CHATTING】Sit. Take a Load Off.,2022-07-08,129878,12315,121
【EP Trailer】“SHINIGAMI NOTE” Mori Calliope Major Debut EP Releasing 7.20.2022,2022-07-07,110901,12982,382
【HOLOCURE】Save All Those Mother F-Words.,2022-07-07,254758,19068,165
【HOLOMYTH】Together At Last.,2022-06-29,709089,60222,850
【NEW SONG PARTY】I'm Trapped in the Closet.,2022-06-27,162934,12221,2227
[ORIGINAL SONG] Holy嫉妬 - Mori Calliope,2022-06-27,1667858,76436,2137
【DEAD BY DAYLIGHT】Monarch Comes Over For Some Special Shenanigans.,2022-06-25,189220,17788,182
【THE QUARRY】Reapers Love Idiot Teenagers. (Part 1),2022-06-24,232065,18303,176
【COME HERE】Come Here. (SUPERCHATS),2022-06-23,139695,14926,91
【MANGA READING】DAD IS BACK. My Dad Is The Queen of All VTubers?! PART 3.,2022-06-23,96741,11236,133
【VA-11 Hall-A】Drinking Lives and Changing Mixes. (Part 2),2022-06-22,146700,13857,177
"【HOLO ENGLISH LESSON #06】Summer Special! With Sana, Miko and Robocosan!",2022-06-20,285460,24344,349
【SHINIGAMI NIGHT】GETTING OVER IT! with Special EP Promotion~!,2022-06-19,161653,16387,115
【VA-11 Hall-A】Welcome to Bar Mori. (Part 1),2022-06-17,221546,17409,217
【SPECIAL GUEST REVEALS + CONCERT MERCH UNBOXING】New Underworld...Hand-Cam? 8},2022-06-15,144795,14337,166
【ELDEN RING #17】send her to h e double hockey stick (SPOILER ALERT),2022-06-14,295854,20829,446
"【KARAOKE COLLAB】Calli and Kiara, Singing Live FOR Y'ALL.",2022-06-09,180065,19591,246
"【DEATH AND TAXES】Only Two Things Are Certain in Life, yeah?",2022-06-04,118521,10853,126
【HOUSE FLIPPER】Mori Gets The Job Done!,2022-05-28,164369,14204,130
【SOUP】er... (i'm FUNNY.),2022-05-27,127974,13211,123
【ASMR】Chill Time With Drinks At Bar Calli!,2022-05-26,697387,30643,465
MERA MERA MERA MERA MERA MERA MERA MERA MERA MERA MERA MERA MERA MERA MERA MERA MERA M,2022-05-25,444579,51589,1426
"【COUNTDOWN PARTY】BURNING ALL DAY FOR ""MERA MERA"" MV!! #MERAMERA",2022-05-17,103944,9815,79
[ORIGINAL SONG] MERA MERA - Mori Calliope,2022-05-17,5859876,133538,2883
"【ELDEN RING #16】AGAIN, M A L E N I A.【SPOILER WARNING】",2022-05-17,143538,10123,134
【ELDEN RING #15】M A L E N I A.【SPOILER WARNING】,2022-05-17,179992,14415,128
"【HOLO ENGLISH LESSON #05】Ara Ara? with Fauna, Mel and Choco!",2022-05-14,191041,17644,288
【VAMPIRE SURVIVORS】WHAT IS A MAN. *throws wine glass*,2022-05-10,173105,14825,129
【英語禁止】JAPANESE STREAM! 色んなおつまみ食べてみたい。,2022-05-08,157871,15464,108
Calliope Mori’s YouTube Music Weekend Spring Concert!,2022-05-07,171746,21547,278
【unpacking】i need to chill,2022-05-06,249536,21388,151
"【VAMPIRE SURVIVORS】I'm Literally Death, TRY Me.",2022-05-05,176835,15586,124
【ELDEN RING #14】I'M BACK RING.【SPOILER WARNING】,2022-05-04,131083,12323,82
【MEET MAMA MORI】!!!!!! #mamamori,2022-05-02,425377,38517,598
【ELDEN RING #13】Elden and Bye Bye For Now【SPOILER WARNING】,2022-04-20,188500,12909,136
【OVERWATCH】I'm Reaper.,2022-04-19,177185,14878,110
"【CHAD CAST #04】It's Pronounced ""PORSCHE."" #chadcast",2022-04-18,277798,19585,312
【ELDEN RING RACE】Only Wretches. Only Clubs. (with IRyS and Ina!),2022-04-17,249563,15103,87
【HOLO ENGLISH LESSON #04】Eikaiwa No Izakaya! English and Drinks with Lui and Chloe!,2022-04-16,190188,15865,237
【ELDEN RING #12】#justtarnishedthings.【SPOILER WARNING】,2022-04-15,196244,14505,100
"【TEA PARTY】Pinkies Up, Ladies. (with Gura and Kronii)",2022-04-13,360048,26557,400
【ELDEN RING #11】Ranni Will Literally Be My Wife. Ring.【SPOILER WARNING】,2022-04-11,210022,14475,114
【BLOODBORNE #04】hoonty.【SPOILER WARNING】,2022-04-10,128179,11262,94
【ELDEN RING #10】Why Be an Elden Lord...When You Can Be an Elden GOD?【SPOILER WARNING】,2022-04-08,237218,16510,101
【ELDEN RING #09】TOUCH GRACE.【SPOILER WARNING】,2022-04-06,210879,15421,80
【CELEBRATE!】I Signed to a Major Label! Let's Chat About It!?,2022-04-05,251098,23810,175
[Universal Music Debut] Shinigami Note EP and Solo Concert Teaser,2022-04-05,75298,8940,275
【3D LIVE】Calliope Mori's First 3D Birthday Concert! #calli3DBD,2022-04-04,867381,79220,1101
[ORIGINAL SONG] CapSule - Mori Calliope x 星街すいせい,2022-04-04,7943745,193687,3306
【BIRTHDAY COUNT-DOWN】Calling My Friends and Chilling!,2022-04-03,546749,42910,331
[MV] MONEY (Hand Me The Glock) YUNG SH1N1GAM1 B01,2022-04-02,267885,19774,699
【RELEASE PARTY】C-MAN IS IN DA BUILDING.,2022-04-01,248964,20581,445
03. My Reality (YUNG SH1N1GAM1 B01),2022-04-01,231428,17911,883
"02. Street FITE (YUNG SH1N1GAM1 B01, Hayko)",2022-03-31,315970,25258,947
01. C-MAN (YUNG SH1N1GAM1 B01),2022-03-31,448683,30962,2148
【BLOODBORNE #03】Who Wouldn't Hoont? Hmm? WHO'NT??【SPOILER WARNING】,2022-03-30,126872,10862,106
【ELDEN RING #08】ñ̸̲͚̚ổ̸̯̳ṯ̵̬͊ ̴̧̊a̸͙̾̏d̸̰̱̽d̸̮̬̓̈́ĩ̸̬c̵̙̞͑ẗ̷̡̧̽e̴̬̓͛d̶͎̱̉͑【SPOILER WARNING】,2022-03-28,276869,18808,120
【SINGING】UnAlive Release Concert! #UnAlive,2022-03-28,181972,19690,146
【2 MILLION SUBS】I Just Wanna Sing For You.,2022-03-26,259471,33022,467
【MANGA READING】Diving Into A Fantasy Journey with Ouro Kronii! #ad,2022-03-25,126566,12550,107
"【SUPER CHATS AND CHILL】Late Night ""Thank You"" Vibes!",2022-03-24,111534,12652,91
【BLOODBORNE #02】Hoonters Gotta Hoont.【SPOILER WARNING】,2022-03-24,165637,13412,98
【BLOODBORNE #01】The Reaper Rises to Finish the Job...【SPOILER WARNING】,2022-03-23,306546,21012,275
【RELEASE PARTY】UnAlive is FINALLY OUT...!,2022-03-22,188282,18927,112
【3D MV】「UnAlive」- Calliope Mori (Original Song),2022-03-21,2270664,126002,3549
【1st Full Album】“UnAlive” Calliope Mori Releasing 3.21.2022,2022-03-20,449228,35136,1250
【BIG ANNOUNCEMENT】Revealing Huge News...and Then Chatting!,2022-03-18,219330,21028,333
【ELDEN RING #07】I Am An Addict Ring. 【SPOILER WARNING】,2022-03-17,250642,16644,115
【ELDEN RING #06】TELL 'EM RING. 【SPOILER WARNING】,2022-03-16,255069,15558,112
【JUMP KING】CLOSING CEREMONY! #holoJUMP,2022-03-14,111403,10118,83
"【HOLO ENGLISH LESSON #03】Singer No Eikaiwa! Let's Speak English! ft. IRyS, Watame and AZKi!",2022-03-12,231885,19889,251
【JUMP KING】ENDURANCE! JUMPING! #holoJUMP,2022-03-12,220575,15209,81
【HoloJUMP RACE!】OPENING CEREMONY #holoJUMP,2022-03-11,190373,15568,84
【ELDEN RING #05】Sleep is For the Weak...Ring. 【SPOILER WARNING】,2022-03-10,366513,21268,132
"【ELDEN RING #04】Well, Then...Ring. 【SPOILER WARNING】",2022-03-08,265120,17124,136
【ELDEN RING #03】Smellden Ring. 【SPOILER WARNING】,2022-03-06,309168,17921,170
【ELDEN RING #02】Guerilla Ring. 【SPOILER WARNING】,2022-03-05,395322,23248,226
"【HOLO ENGLISH LESSON #02】Kusogaki No Eikaiwa! Let's Speak English! ft. Gura, La+, Iroha",2022-03-05,494335,36351,495
【ELDEN RING #01】Onion Rings. 【SPOILER WARNING】,2022-03-04,643259,34770,328
"【LET'S TALK!】Chatting, Then Chill Super Readings!",2022-02-26,181194,17454,145
"【HOLO ENGLISH LESSON #01】Holo Minna No Eikaiwa! Let's Speak English! ft. Ina, Fubuki, Marine",2022-02-19,444369,34010,452
Just Mori. #JustMori,2022-02-14,499043,46404,430
【SUPERS AND BYE-BYE】One Last Hurrah Before My Break!,2022-02-11,165842,16174,253
【MAKING CHOCOLATE】Happy Early Valentines Day! Let's Make Homie Chocolate!,2022-02-09,284976,22997,164
"【HYPNOSPACE OUTLAW】INTERNET POLICE, OPEN UP NERDS.",2022-02-08,162633,14224,124
【FISHING CONTEST】Cute Idol Fishers!! Clubhouse 51 with Reine!,2022-02-07,108083,10575,112
【ORIGINAL SONG MV】「Q」- Calliope Mori x Gawr Gura x DECO*27,2022-02-04,24915367,675410,13759
"【NEEDY GIRL OVERLOAD】LOVE ME. ....I mean like, if you wanna idk",2022-02-01,517373,30495,369
"【CHAD CAST #01】Chaos, Hope, and Death! Let the Rambles Begin.",2022-01-30,513605,32974,633
【SHADOWVERSE】SATAN VS. REAPER! an Underworldian Card-Game Showdown!,2022-01-29,218492,20357,235
【POKEMON LEGENDS: ARCEUS】A D V E N T U R E!!!,2022-01-28,199653,16663,150
【POKEMON TOURNAMENT】HoloEN x HoloID! The Final Throw-Down! #holothrowdown,2022-01-27,316593,21156,211
【TERRARIA】Adventuring With My Friends in a New World?!,2022-01-26,334063,27200,507
【POKEMON: BRILLIANT DIAMOND】Breeding Shiny Spiritomb!! Reading Yo Super Chats!!,2022-01-18,175122,13638,437
【JUMP KING: GHOST OF THE BABE】From Bog to Babe........,2022-01-18,309394,19480,240
"【TEA PARTY】Chatting Collab with Tea Experts, Sana and Fauna!",2022-01-13,224217,18755,214
【DRAWING】Chill Drawing!,2022-01-12,231397,19556,97
【英語禁止】日本語のQ&A! 質問してください、JP BROS!!,2022-01-10,403034,30829,328
【JUMP KING: GHOST OF THE BABE】FINALE PT. 2! I Wonder How Many Parts There Will Be...,2022-01-10,158312,11416,115
【KIMONO REVEAL 正月衣装】Welcome To The Mountain Top... #callikimono,2022-01-08,350066,36485,456
【JUMP KING: GHOST OF THE BABE】FINALE PT. 1! I Won't Stop Until She Is Mine...Right?,2022-01-08,310857,19683,131
[ASMR Roleplay] Relaxing With You in an Underworld Hot Spring (Sleeping Aid),2022-01-08,322513,20041,621
【MK8DX HOLO NEW YEARS CUP】I WON'T BE LAST. (ZAKO CUP),2022-01-07,128852,10339,144
【MK8DX HOLO NEW YEARS CUP】I WILL BE LAST. (BLOCK C),2022-01-07,154571,13944,170
【JUMP KING: GHOST OF THE BABE】The Rage Settles In.,2022-01-06,194836,14949,97
【POKEMON: BRILLIANT DIAMOND】SHINY SPIRITOMB BREEDING and SUPER CHAT READING!,2022-01-05,132224,12135,88
【JUMP KING ENDURANCE】Going for Ghost Babe. Going for SPEED.,2022-01-03,433593,24363,180
"【NEW YEARS PARTY】Count Down, Drinking Games, Call-ins from Friends, and Resolutions!",2022-01-01,256968,20433,142
[SPEEDRUN] Do You Have 8 Minutes to Watch Me Beat Jump King? [00:07:56.748],2021-12-30,612946,66263,2274
【JUMP KING SPEED RUNNING】Going F A S T E R.,2021-12-30,324110,23601,173
【英会話 ENGLISH SPEAKING】English Practice with Takane Lui!,2021-12-27,434729,34730,504
【SHINY HUNT + SUPER CHATS】I Want to Thank You! I Also Want Spiritomb.,2021-12-26,172714,14286,73
"【MARIO KART 8】TRAINING ARC. featuring Baelz, Marine and Reine!",2021-12-26,129792,11444,117
【COMIC VIDEO】Calli's Christmas Catastrophe #03,2021-12-25,291671,44478,1640
【COMIC VIDEO】Calli's Christmas Catastrophe #02,2021-12-24,328105,43710,1471
【COMIC VIDEO】Calli's Christmas Catastrophe #01,2021-12-23,325211,52312,1122
"【HOLIDAY PARTY】Karaoke, Tree Decorating, Sweater Reviewing, Announcements! Merry Merry!",2021-12-22,214774,20065,218
【WATCH-A-LONG + ANNOUNCEMENT】Adam Sandler's 8 Crazy Nights ft. Gura,2021-12-22,231999,15138,306
【POKEMON: BRILLIANT DIAMOND】SHINY GIRATINA GET IN THE BALL!!!,2021-12-21,488632,26785,389
【TEA PARTY】Inviting Some Friends Over For Tea...?! Chatting Collab!,2021-12-19,314193,25927,283
【ENGLISH LEARNING 英会話】Let's Enjoy Calli's Bar and Chat!,2021-12-17,301513,25039,247
【JUMP KING: GHOST OF THE BABE】Bog Man's Lament (Reprise),2021-12-15,227401,17835,111
【JUMP KING: GHOST OF THE BABE】The Musical,2021-12-12,279350,20427,148
【THANK YOU】I Will Thank You For Many Hours! #holomyth,2021-12-12,284271,24293,97
【POKEMON: BRILLIANT DIAMOND】Catching One Shiny GIRATINA. (Chatting and Resetting Stream),2021-12-11,631904,30860,398
【SMOL CALLI CONCERT】Jamming Out in 3D! #holomyth,2021-12-10,368589,39735,431
【NEW OUTFIT REVEAL 新衣装】Showing Off My Brand New Dress... #holomyth,2021-12-09,932209,80486,924
【IT'S MIDNIGHT】Little Chats and Midnight Supers! #holomyth,2021-12-06,210735,19193,206
【COOKING STREAM】EARTHBOUND Themed Treats For You Dead Beats!,2021-12-06,505991,33225,361
【Rocket League Sideswipe】SOCCER CARS. with Kureiji Ollie!,2021-12-06,115131,11365,137
Calliope Mori's Message to All Y'all Dead Beats! #YouTubeMusicWeekend #Shorts,2021-12-04,409532,46058,860
The Grim Reaper’s Live Show Case! Calliope Mori’s YouTube Music Weekend Winter Concert!,2021-12-04,221557,28543,679
Calliope Mori #YouTubeMusicWeekend #Shorts,2021-12-04,229224,27479,245
【GUILTY GEAR STRIVE】FLAMING HOT Battles With Ina! #HololiveEnglish,2021-12-03,267567,18930,228
【JUMP KING DLC FINALE】We Are Getting That Babe. (feat. Crying in Alone in Voice Chat),2021-12-01,319776,23396,232
[MV] USSEEWA (Cover) - Calliope Mori x Milky Queen,2021-11-30,4074200,178550,2367
【POKEMON: BRILLIANT DIAMOND】FINALE. Fighting For Our Lives at the League. (Nuzlocke Lite Challenge),2021-11-28,248145,16653,181
【EARTHBOUND FINALE】We Out Here Saving the Whole Ass WORLD.,2021-11-28,158699,12625,199
"【POKEMON: BRILLIANT DIAMOND】CYYYYRUS SUCKS. HE REALLY, REALLY SUCKS. (Nuzlocke Lite Challenge)",2021-11-26,240888,14842,130
【POKEMON: BRILLIANT DIAMOND】BYRON KILLED MY BEST FRIEND LET'S GOOOOO (Nuzlocke Lite Challenge),2021-11-25,181333,12257,127
【JUMP KING】Why Be A King...When You Can Be A God? (feat. Crying in Alone in Voice Chat),2021-11-24,218339,17164,124
【POKEMON: BRILLIANT DIAMOND】I Do It For My City. I Do It For the STREETS. (Nuzlocke Lite Challenge),2021-11-23,239451,16554,171
【PET REVIEW】Drinking and Checking Out Your Cute Friends! with Baelz Hakos #baecalliopetreview,2021-11-22,260308,23058,278
【POKEMON: BRILLIANT DIAMOND】Crying in the Gym RN (Nuzlocke Lite Challenge),2021-11-22,223330,14841,101
【EARTHBOUND #05】Pokey Sucks. All My Dead Beats Hate Pokey.,2021-11-22,95180,9817,93
"【EARTHBOUND #04】Say ""FUZZY PICKLES!"" ................please.",2021-11-21,97739,9532,117
【POKEMON: BRILLIANT DIAMOND】I Feel FEAR. (Nuzlocke Lite Challenge),2021-11-20,283129,17705,130
【POKEMON: BRILLIANT DIAMOND】NUZLOCKE LITE. Revisiting My Childhood With No Training Wheels...,2021-11-19,482827,28429,302
【EARTHBOUND #03】STEVE Gets the JOB Done!,2021-11-19,96598,10317,106
【JUMP KING】These Rain Drops are Definitely Not Tears of Pain. (feat. Crying in Alone in Voice Chat),2021-11-17,382246,25893,163
【EARTHBOUND #02】CHAD Meets a CUTE GIRL......,2021-11-15,197854,15365,161
【EARTHBOUND #01】The Beginning Of Everything in the Game That Started It All.,2021-11-14,255677,18886,275
【JUMP KING】ONWARD!! NEW BABE + AND VC CHAT! Maybe. If Anyone is Around.,2021-11-13,300510,20820,123
【MARIO PARTY SUPERSTARS】HOLODEATH is Having FUN. テンション上がってる！！コラボ #holodeath,2021-11-12,270164,22652,180
【WATCH-A-LONG】GHOST RIDER (2007),2021-11-09,82353,8661,113
【MINECRAFT ENDURANCE】Building Day! Carnival and Onsen Work.,2021-11-08,415467,27234,136
【SUPERCHATS】Feeling SUPER. #HololiveEnglish #holomyth,2021-11-07,94568,9996,78
"【ASMR】SPA DAY! Water Sounds, Ear Massages, Finding Peace Together!",2021-11-07,951792,30052,494
【DOOM ETERNAL FINALE PT. 2】Until it is ACTUALLY DONE. (with Heart Rate Monitor!),2021-11-06,140119,13061,155
【DOOM ETERNAL FINALE PT. 1】Until it is PRETTY MUCH DONE.,2021-11-05,108889,11479,146
【JUMP KING】NEW BABE + And Sitting in VC Waiting for Friends...,2021-11-03,477351,28462,213
"【HALLOWEEN PARTY】Happy Halloween, Dead Beats! #HololiveEnglish #holomyth",2021-11-01,303593,26076,154
[MV] Graveyard Shift - Calliope Mori ft. BOOGEY VOXX (Original Song),2021-11-01,5074081,134044,2050
【JUMP KING FINALE】Jumping and Chatting with Friends!,2021-10-29,629910,33770,354
【DEAD BY DAYLIGHT COLLAB】HoloEN Girls SLAY...Again.,2021-10-28,125512,11463,87
【MINECRAFT COLLAB】ELYTRA QUEST! Finding My Wings with the Phoenix! ft. Takanashi Kiara,2021-10-27,213490,18277,198
【DOOM ETERNAL #08】The Last Stand... Maybe. Almost. We Are Almost Done.,2021-10-26,105599,11318,103
【WATCH-A-LONG-COLLAB】Resident Evil: Degeneration & Silent Hill w/ Gura and Ina! Sunday Scream #4,2021-10-25,227739,17736,166
【PHASMOPHOBIA COLLAB】zombie goasts leave this place,2021-10-25,113780,11585,107
【AMONG US - EN COLLAB】I WILL BE IMPOSTER. #HololiveEnglish,2021-10-24,243961,20015,237
【CHATTING WITH YOU!】Lots of Things Happening Lately! #HololiveEnglish #holomyth,2021-10-20,121096,12182,134
【DOUBLE FEATURE】FINAL DESTINATION & SCARY GODMOTHER - WATCH-A-LONGS! - Sunday Scream #3,2021-10-18,103632,9872,137
【JUMP KING】E N D U R E. feat. IRyS and Baelz #HololiveEnglish,2021-10-15,528988,30102,357
"【MONSTER HUNTER RISE】Slaying MONSTERS? That's a Whole Different ""Beast..."" B}",2021-10-14,149767,13066,143
【FAN-MADE GAMES】Becoming Elite Game Lord in Your Games! #HololiveEnglish #holomyth,2021-10-13,285962,22162,186
【MINECRAFT COLLAB】HOLODEATH's First Adventure! with Rushia and Ollie! #hololiveenglish,2021-10-12,276683,24586,246
【DOUBLE FEATURE】EVIL DEAD 2 & 3 WATCH-A-LONGS! - Sunday Scream #2,2021-10-11,93221,9490,123
【DEAD BY DAYLIGHT COLLAB】LADIES...R U N. #HololiveEnglish,2021-10-09,187101,16257,147
【DRAWING!】Chill Drawing a Picture of My Senpai! #Holomyth #HololiveEnglish,2021-10-07,236044,20532,112
【DOOM ETERNAL #07】SLAYING UNTIL WE S U F F E R.,2021-10-06,142996,13369,143
【英会話 ENGLISH CAFE】Speaking Slowly for You! Let's Learn English Slang and More. :},2021-10-05,258269,22543,227
【WATCH-A-LONG】EVIL DEAD (1983) - Sunday Scream #1,2021-10-04,95828,9298,167
"【NEW SONG CHAT】Talking About the New Song... Plus, Membership Reboot! #Holomyth #HololiveEnglish",2021-10-03,197413,19311,287
[MV] end of a life - Calliope Mori (Original Song),2021-10-01,15964765,321006,8383
"【UNO COLLAB】YOU HAVE UNO. feat. Calli, Gura, Kronii and Baelz!",2021-09-30,711521,46347,856
【MINECRAFT】Reaper is BUILDING. (feat. friends?) #hololiveenglish,2021-09-29,315975,21925,140
【DOOM ETERNAL #06】MARAUDER TIME.,2021-09-27,168455,14857,224
【AFTER PARTY and MINECRAFT】Rap Karaoke Celebration! Was That Even Real... #Holomyth #HololiveEnglish,2021-09-26,140687,12778,155
"【MINECRAFT PORTAL BUILD】Unga Bunga Calli,",2021-09-23,186864,17655,115
【ORCS MUST DIE! 3】And We are the Reapers! Someone Recording the TIME OF DEATH?! #momentomori,2021-09-23,341554,30503,378
【MEMBER'S ONLY】August Just Chatting! Coffee in Bed! Good Morning! #hololiveEnglish #holoMyth,2021-09-19,45819,3141,172
【JUMP KING】Jump REAL HIGH. #Holomyth #HololiveEnglish,2021-09-18,370261,22566,198
【SUPERCHATS】1 Year Anniversary Supers and More! With a Tiny Twist... #HololiveEnglish #holomyth,2021-09-17,164663,16651,162
【MINECRAFT ENDURANCE STREAM】Carnival Crafting and Designing a FUN PLACE for HoloEN! In 10 Hours.,2021-09-16,737981,41107,404
【CORE】Playing GAMES!!! A Variety of Them! Join Me? 8} #ad,2021-09-14,94572,9219,127
【1 YEAR ANNIVERSARY CELEBRATION】Debut Re-Watch and Live Show! #HololiveEnglish #holomyth,2021-09-12,366060,33873,633
"【DOOM ETERNAL #05】They Call It The ""WHAT"" NEST?! ...Oh man, we gotta go.",2021-09-12,148967,14020,140
"【TWELVE MINUTES】Wow, This Must Be a Short Game, Then! #hololiveEnglish #holomyth",2021-09-10,209694,18259,191
【SUNSET ASMR】Pool-side Chatting with You #HololiveEnglish #holomyth,2021-09-09,435577,27506,347
please stop,2021-09-05,747357,82443,1916
【WATCH-A-LONG】The Matrix (1999) Time to Red Pill Gura! #HololiveEnglish #holomyth,2021-09-03,244173,19746,379
【SMOL AME】Small Calli Meets Smol Ame! #HololiveEnglish #holomyth,2021-09-02,452162,33295,313
【LET'S TALK】Chill Vacation Chatting! #HololiveEnglish #holomyth,2021-09-01,147255,13888,182
"【MEMBER'S ONLY】JULY Wine Party! Except It's Not Wine, It's... #hololiveEnglish",2021-08-29,47787,3021,183
【ENGLISH LEARNING】Teaching Haachama BAD WORDS. 英会話 #HololiveEnglish,2021-08-28,395250,32590,850
【MARIO KART 8DX TOURNAMENT】The Road to Not Placing DEAD Last! EN x ID Tournament!  #hololiveenglish,2021-08-27,188159,15389,182
[MV] いじめっ子 Bully- Calliope Mori,2021-08-26,6536630,177674,3242
【SUMMER POOL PARTY】Pool-side Chilling with You! #HololiveEnglish,2021-08-23,374181,27865,201
【MEMBER'S ONLY】July Just Chatting! I MOVED. #hololiveEnglish #holoMyth,2021-08-21,43364,2908,191
【DOOM ETERNAL #04 + BBQ PARTY】Grilling Demons and Slaying Meat! #HololiveEnglish,2021-08-19,390620,27718,482
"【SHADOWVERSE ""SUP""RISE】NEW CARD REVEAL! 8} And, Some Battles with You. #HololiveEnglish",2021-08-18,85196,7117,113
【IDOL MANAGER】Grim Reaper Turned Idol Turned Manager. #HololiveEnglish,2021-08-18,206323,15791,176
what just happened lmao (superchats),2021-08-17,188721,15708,166
"【BLOODSTAINED: Ritual of the Night】THE FINAL CURSED NIGHT! At Least, For Now. #HololiveEnglish",2021-08-17,231926,14945,289
【SPIRAL TONES REMIX PARTY】Let's Check Out Our Top 30 of YOUR Remixes! #spiraltones #morikka_st,2021-08-16,113484,10510,203
【BLOODSTAINED: Ritual of the Night】Running Through Another Cursed Night! #HololiveEnglish,2021-08-16,128451,10046,100
【GUILTY GEAR STRIVE】STRIIIIIIIIIIIIIIIIIIIIIIIIIIIIIIIIIIIIIIIIIIIIIIIIIIIIIIIIIII- #HololiveEnglish,2021-08-15,177313,10784,164
【KARAOKE COLLAB】Calliope Mori X Milky Queen! (ARCHIVED) #hololiveEnglish,2021-08-14,270041,26163,661
【GARTIC PHONE COLLAB】Myths and Hope Collide in a Draw Party! 8} #hololiveEnglish,2021-08-12,176522,15229,200
【BLOODSTAINED: Ritual of the Night】A Wonderful Afternoon for a Cursed Playthrough.. #HololiveEnglish,2021-08-12,141787,11125,95
"【MANGA READING COLLAB】""Bloom Into You"" with Takanashi Kiara! #hololiveEnglish",2021-08-10,241704,23331,670
【ASMR】Whispering and Chatting in my Indoor Voice! #hololiveEnglish,2021-08-09,614821,25436,399
【SUPERCHATS】Late Night Chilling and Thank You's! #hololiveEnglish #holomyth,2021-08-08,96748,8948,84
【英会話 ENGLISH LEARNING!】Talking About My Summer Vacation Memories! #hololiveEnglish #holomyth,2021-08-08,262543,19630,349
【EVERHOOD- FINALE】Universal Truths? In MY Hood? Let's Finish This. #hololiveEnglish #holoMyth,2021-08-07,246164,17432,267
【THE HENRY STICKMIN COLLECTION】FINALE. #HololiveEnglish,2021-08-05,228775,17996,450
【I'M BACK】I'm Back. #hololiveEnglish #holomyth,2021-08-04,205499,20461,185
[MV] The Grim Reaper is a Live-Streamer - Calliope Mori #HololiveEnglish #HoloMyth,2021-08-02,6423172,173932,3396
[MV] Envy Baby (English Cover) - Calliope Mori,2021-07-31,5618810,153255,2479
"【JUST SHAPES & BEATS】IRyS Collab! Just Irystocrats and DeadBEATS, Am I Right. hah #hololiveEnglish",2021-07-29,374558,29665,392
【MEMBER'S ONLY】JUNE Wine Party! Streaming From... A SPECIAL Place... 8} #hololiveEnglish,2021-07-27,48884,3374,221
【COMFY MORNING CHAT】Sipping Coffee and Talking with You! #hololiveEnglish,2021-07-26,206580,17070,234
"【DRAWING MY SENPAI #2】Late-Night Drawing My Senpai, Suisei!  #holoMyth #deathstar",2021-07-24,219337,19701,156
【MINECRAFT COLLAB】Calliope and HoloMyth's Long Awaited Ender Dragon Battle! #hololiveEnglish,2021-07-23,176082,15522,257
【MYTHBREAKERS SESSION 1】Enter DARKNESS. Because It's the World of DARKNESS... ye #hololiveEnglish,2021-07-22,661271,38648,1293
"【BLOODSTAINED: Ritual of the Night】A Pretty ""OK"" Night for a CURSE. #HololiveEnglish",2021-07-20,184908,14574,205
【SINGING STREAM】Karaoke Time! Singing My Reaper Heart Out. #hololiveEnglish,2021-07-19,370412,27706,281
【SUPERCHATS AND TALKING】What a Day! Let's Read Your Messages. #hololiveEnglish,2021-07-17,143796,10417,139
"【CURSED ASMR】Do Not Watch This, Ears WILL Bleed. #hololiveEnglish",2021-07-17,352109,26482,1502
【KNOCKOUT CITY】Throwing Balls at Our Senpai! #holoMyth #hololiveEnglish,2021-07-17,125801,10602,114
"【TTRPG RE-CAP】Let's Talk MythBreakers! I'm a Nice GM, I Promise. :} #holoMyth #hololiveEnglish",2021-07-16,253841,19350,457
Mori Calliope - Rocking Out with the Grim Reaper! Calliope Mori's YouTube Music Weekend Concert!,2021-07-16,296864,39778,804
【THE HENRY STICKMIN COLLECTION】what is this game i wonder #HololiveEnglish,2021-07-16,353975,27095,443
【MEMBER'S ONLY】 June Just Chatting! Rainy Season Vibes. #hololiveEnglish #holoMyth,2021-07-15,33354,2631,185
【S T A R I N G  C O N T E S T】LOOK AT ME.,2021-07-12,268897,25267,560
【MINECRAFT FERRIS WHEEL】We Take Our Job SERIOUSLY. feat. Gura! #hololiveEnglish #holoMyth,2021-07-11,236537,18718,192
【GUILTY GEAR STRIVE】LET'S ROCK!!! Do You Remember the Scent of the Challenge? #HololiveEnglish,2021-07-10,260362,16225,208
【ASMR】Summer is Here! Let's Cool Down and CHAT. #hololiveEnglish,2021-07-08,618741,30096,428
【Phantasy Star Online 2 New Genesis】S P A C E.... A D V E N T U R E ?!?! #hololiveEnglish #ad,2021-07-07,141581,10732,189
【JUST CHATTING】HOWDY. #holoMyth #hololiveEnglish,2021-07-06,164178,14217,149
"【NIGHT DELIVERY】DING-DONG, WHO ORDERED THE GRIM REAPER? #hololiveEnglish #holoMyth",2021-07-03,274279,17587,257
【DRAWING】Working on a Gift! #holoMyth #hololiveEnglish,2021-06-30,252369,20601,159
【MEMBER'S ONLY】 May Wine Party and Fall Guys! #hololiveEnglish,2021-06-29,36735,2250,165
"【SUPERS and MINECRAFT】 Super Drinking, Summer Vibing! With Your Boy!  #hololiveEnglish #holoMyth",2021-06-27,430892,24109,243
"【SHADOWVERSE ""SUP""RISE】Revealing Something AWESOME, For the First Time! #HololiveEnglish",2021-06-27,128052,9776,104
"【SCARLET NEXUS】 The Time is NOW, Dead Beats! FULL. POWER. #hololiveEnglish #ad",2021-06-25,108720,8683,148
【KARAOKE AFTER-PARTY】Cooling Down with My Dead Beats! #holoMyth #hololiveEnglish,2021-06-24,161776,14604,247
【MEMBER'S ONLY】 May Just Chatting!!! #hololiveEnglish #holoMyth,2021-06-23,35404,2639,182
【SHADOWVERSE MONDAY】The Training Arc Enters the Final Stage! #HololiveEnglish,2021-06-22,181189,12255,170
"【JUST CHATTING】Randomly Wanting to Say ""What Is Up!?"" 8} #holoMyth #hololiveEnglish",2021-06-19,149166,13623,263
"【BLEACH Brave Souls】Soul Enthusiast and Brave Bird, in Co-Op?! #holobravesouls",2021-06-18,167585,11571,241
"【RISING HELL】Heavy Metal Roguelite?! Let's Go Home, Dead Beats! #HololiveEnglish",2021-06-17,133323,11558,136
【MEMBER'S ONLY】 April Wine Party and Fall Guys! #hololiveEnglish,2021-06-16,44847,3056,220
"【APEX LEGENDS】Vampire, Reaper, and Zombie Squad! Halloween in June?! #hololiveEnglish #holoMyth",2021-06-15,228955,16299,179
【MEMBER'S ONLY】 AprilJust Chatting!!! #hololiveEnglish #holoMyth,2021-06-14,43789,2826,235
【SUPER CHAT DRINKING GAME】Sending Off MORE Supers to the Underworld! 8} #holoMyth #hololiveEnglish,2021-06-13,206706,15175,186
【SHADOWVERSE SUNDAY】VERSUS... You Guys?! Let Our Battles COMMENCE. #HololiveEnglish,2021-06-13,175643,11409,144
"【RIVER CITY GIRLS COLLAB】Reaper and Shark, Ready to PUNCH. #hololiveEnglish",2021-06-12,372534,25569,389
"【SCARLET NEXUS】 Grim Reaper's Aptitude Test, Commencing Now... #hololiveEnglish #ad",2021-06-11,232551,16332,222
"【OPERATION:TANGO COLLAB】Detective and Reaper, On The Case!! B} #hololiveEnglish",2021-06-10,187241,13877,170
【SUPER MARIO PARTY】Madness. Insanity. Anime Women. Featuring Coco and Ollie! #hololiveEnglish,2021-06-08,573057,46517,0
【ASMR DRAWING】Matte Tablet Sketching and Chatting with my Indoor Voice! 8} #hololiveEnglish,2021-06-07,410465,27979,366
【SHADOWVERSE SUNDAY】Sparring With Gigguk from Trash Taste! #HololiveEnglish,2021-06-06,463818,36641,1876
【PHASMOPHOBIA COLLAB】We Love To Not Be Alive.  #hololiveEnglish,2021-06-04,364136,30161,0
"【FRIDAY NIGHT FUNKIN】 Tonight We Funk Again, Lads. #hololiveEnglish #holoMyth",2021-06-04,367559,26988,392
【I'M BACK】Mori Returns! Let's Chat and Enjoy Chill Singing! #holoMyth #hololiveEnglish,2021-06-03,370669,37202,437
[MV] ロキ / Roki (English Rap Cover) - Calliope Mori,2021-05-31,14997187,324807,8370
【HOLOEN TTRPG】Character Creation! The World of Darkness Awaits Our Hunters... 8} #hololiveEnglish,2021-05-25,1010856,59040,2030
"【EVERHOOD】Welcome to My Hood, Dead Beats. Let Us Find THE TRUTH. #hololiveEnglish #holoMyth",2021-05-23,170568,14279,186
【SUPER CHAT DRINKING GAME】Sending Off Supers to the Underworld! 8} #holoMyth #hololiveEnglish,2021-05-21,221362,17681,181
【日本酒飲み会】 乾杯しましょう！日本ニキ！JAPANESE ONLY CHALLENGE #hololiveEnglish #holoMyth,2021-05-20,344137,27265,291
"【FRIDAY NIGHT FUNKIN】 We Do Not Funk Around, Dead BEATS. #hololiveEnglish #holoMyth",2021-05-18,639674,38783,760
"【RESIDENT EVIL 8 VILLAGE】 PART 2! OK, I Will Play Your Spooky Games. #hololiveEnglish #holoMyth",2021-05-17,250598,17821,237
"【RESIDENT EVIL 8 VILLAGE】PART 1- OK, I Will Play Your Spooky Games. #hololiveEnglish #holoMyth",2021-05-17,317956,24365,510
【WE WERE HERE TOO COLLAB】Reaper and Shark with Excellent Communication Skills.  #hololiveEnglish,2021-05-17,261710,20319,284
"【MINECRAFT】 Cabin Barbecue Vibes, Dead Beats! #hololiveEnglish #holoMyth",2021-05-14,287116,24911,212
【IT TAKES TWO】The Two Taking Continues!!! #hololiveenglish #holomyth,2021-05-11,322628,23848,248
【SUPER BUNNY MAN COLLAB】Usagi Madness with Rikka Senpai! 8} #HololiveEnglish #holomyth,2021-05-10,276841,25795,485
"【New Pokémon Snap】Photography is my Passion, You See... #HololiveEnglish #holomyth",2021-05-08,305972,22274,300
【GUILTY GEAR XRD REV 2】Rocking With THE BOYS! Featuring...My New Fight Stick?! #HololiveEnglish,2021-05-07,267692,23081,303
【SHADOWVERSE】I Am On A MISSON. #HololiveEnglish,2021-05-05,181143,14330,273
【NEW OUTFIT REVEAL!】Grim Reaper's Brand New Style! 新衣装お披露目会!! #HololiveEnglish #CalliDrip,2021-05-03,1398626,123993,1614
【SPIRITFARER #04】The Long Ride Down the River Styx #Holomyth #HololiveEnglish,2021-05-02,140883,13553,156
【ASMR DRAWING】Sketching ASMR on my Matte Tablet! Featuring... Cute Girls! #hololiveEnglish #holoMyth,2021-05-01,259573,18019,239
"【SHADOWVERSE】FINAL SHOWDOWN! Versus Takanashi Kiara, the Kew So To Ri! #HololiveEnglish",2021-04-28,183236,14473,301
【MINECRAFT】 Camping Trip With My Dead Beats!! #hololiveEnglish #holoMyth,2021-04-27,282409,22603,249
【MEMBER'S ONLY】 March Wine Party!!! Drawing J-Chad and Getting Our Drink On. #hololiveEnglish,2021-04-25,42179,3053,101
【JUST CHATTING!】Weekend Wine Party with the Dead Beats! #Holomyth #HololiveEnglish,2021-04-24,146674,14186,216
【DRAWING MY SENPAI】Laid-back Drawing and Chatting! #Holomyth #HololiveEnglish,2021-04-22,278055,25423,192
"【IT TAKES TWO】So-Called ""Takamori"" Team Work! #hololiveenglish #holomyth",2021-04-21,400213,26176,404
【MEMBER'S ONLY】 March Just Chatting!!! #hololiveEnglish #holoMyth,2021-04-21,36803,3348,190
【MISAO PART 2】How Many Ways Can We Perish!? I Would Like to Find Out. #Holomyth #HololiveEnglish,2021-04-20,126492,12146,150
【SUPER CHATS SEND-OFF】How Many Can We Send to the Underworld!?! 8} #holoMyth #hololiveEnglish,2021-04-18,90025,10165,133
【JOURNEY】Going On A... #Holomyth #HololiveEnglish,2021-04-18,145054,14547,203
【LIVE SHOW】Your Mori. Release Live Show! #holoMyth #hololiveEnglish,2021-04-17,361668,34340,549
【SHADOWVERSE】Card Pulling! Deck Making! Feeling Lucky! ...Maybe! #HololiveEnglish,2021-04-16,157814,13350,208
"【CLUBHOUSE 51 GAMES】GAME ON, KUSOTORI!!! with Takanashi Kiara #hololiveenglish #holomyth",2021-04-15,336769,25674,418
【MANGA READING】DAD Ain't Done Yet! My Dad Is the Queen of All VTubers CONTINUES! #HololiveEnglish,2021-04-14,156267,13700,233
【APEX LEGENDS】Reaper Dies and Zombie Girl Carries #hololiveEnglish #holoMyth,2021-04-13,309708,24180,340
【WATCH-A-LONG】Billy Madison and Happy Gilmore feat. Sandliope Goes to H-Word #holoMyth,2021-04-10,139471,10332,252
【COMFY ASMR】Gentle Chats and Ear Pats! ...Comfy-ness Pending #holoMyth #hololiveEnglish,2021-04-09,1114953,40920,812
【SPIRITFARER and SUPER CHATS】#Holomyth #HololiveEnglish,2021-04-08,112204,11335,161
【LYRIC DIVE】Talking About the New Songs on My New EP! #holoMyth #hololiveEnglish,2021-04-08,234786,20931,515
【SUPER CHAT MARATHON】Sending Off Those Birthday Supers and MORE! #holoMyth #hololiveEnglish,2021-04-07,207189,19832,208
【SPIRITFARER】PART 2! Grim Reaper is Sending Off Souls Again!?  #Holomyth #HololiveEnglish,2021-04-06,109909,9705,155
【SPIRITFARER】Grim Reaper is Sending Off Souls Again!?  #Holomyth #HololiveEnglish,2021-04-06,139073,11531,281
"【BIRTHDAY STREAM】The Grim Reaper's Birthday Bash and EP Release Party, Yo! #moribirthd4y #holomyth",2021-04-04,661471,58050,1575
[MV] Red - Calliope Mori #HololiveEnglish #HoloMyth,2021-04-04,15974432,284110,7493
【JUST CHATTING!】Real Serious Chatting About Serious Things #yurumyth #HololiveEnglish,2021-04-01,258305,23716,378
【HOLOEN COLLAB】Not a Joke! Serious Outfit Reveal on April the 1st #yurumyth #hololiveEnglish,2021-04-01,1274188,86174,1481
【MISAO】Back in Mad Dad's M-Word Town! Drink Until We... Die?? #Holomyth #HololiveEnglish,2021-03-29,180446,14934,189
【EP Trailer】“Your Mori.” Calliope Mori 2nd EP Releasing 4.4.2021,2021-03-28,495792,38152,1698
"【DUOLINGO】 Let's Lernen GERMAN! Gib mir deine Seele, bitte!!! 8}",2021-03-28,328883,21927,990
"【MEMBER'S ONLY】""Secret Drinking Game!"" Wine Party!! #hololiveEnglish #holoMyth",2021-03-27,38962,2856,146
"【Story Of Seasons: Pioneers Of Olive Town】 GIT IN HERE, DEAD BEATS. FARMIN' TIME. 【SPOILERS ALERT】",2021-03-26,144133,13563,181
【DRAWING】Chill Drawing with the Dead Beats! #Holomyth #HololiveEnglish,2021-03-25,294429,24585,215
【JUST CHATTING!】Spring is Here! Chatting and Secret Drinking Game-ing. :} #Holomyth #HololiveEnglish,2021-03-24,165987,16680,167
【MEMBER'S ONLY】February THROW-DOWN!! 8} #hololiveEnglish #holoMyth,2021-03-22,48467,3562,205
【OMORI - FINAL Part 2】Mori's Last OMORI Stream! This is It...! #Holomyth #HololiveEnglish,2021-03-21,480973,25723,547
【MINECRAFT FISHING AND CHILL】 Fishing Trip with the Reaper! #hololiveEnglish #holoMyth,2021-03-20,187339,17458,224
【AO ONI】Drinking and Screaming with an Old Classic Friend... #Holomyth #HololiveEnglish,2021-03-18,454899,27584,401
【JUST CHATTING!】I'm Back! Drinking and Talking about WHATEVER! #Holomyth #HololiveEnglish,2021-03-16,140431,15766,241
"【6 MONTH ANNIVERSARY】Big COLLABING, Big GAMING, Big ANNOUNCEMENTS...!? #hololiveEnglish #holoMyth",2021-03-13,198104,19138,265
"【DRAWING】Let's Draw, Start to Finish! Any Ideas? :} #Holomyth #HololiveEnglish",2021-03-12,272718,22969,241
【CUPHEAD #02】A GRAND SLAYING AND THEN SOME!!! #Holomyth #HololiveEnglish,2021-03-11,186513,16359,146
Ibasho (Where I Belong) - Calliope Mori,2021-03-11,649561,38254,1221
【MINECRAFT COLLAB】With Reine-chan! What Kind of Mischief Will Ensue?! 8} #deadbeaks,2021-03-09,217608,19191,299
【MEMBER'S ONLY CREATING】Let's Keep Drawing?! #hololiveEnglish #holoMyth,2021-03-08,54820,3862,198
"【OMORI - FINAL Part 1】Until Near the End..! Will it Rain, I Wonder...? #Holomyth #HololiveEnglish",2021-03-07,260879,17234,177
"【JUST CHATTING!】Secret Drinking Game, and Tipsy Supers! #Holomyth #HololiveEnglish",2021-03-06,177627,16890,230
【GUILTY GEAR XRD REV 2】DEATH COMES ARRIVING ON A MIDNIGHT TRAIN!! #Holomyth #HololiveEnglish,2021-03-06,130673,11069,239
【PRINCESS CONNECT】My Brand New Collab Song Release! #Holomyth #HololiveEnglish,2021-03-04,204940,18319,370
"【MINECRAFT COLLAB】Reaper and Shark, At It Again! TAKE 2! #hololiveEnglish #holoMyth",2021-03-04,207851,19125,239
"【CUPHEAD】Don't Deal With the Devil!...I Mean, I Think He's OK? whatever #Holomyth #HololiveEnglish",2021-03-03,300144,21676,280
"【SLITHER.IO】The Longest Snake in the World, For Sure. #Holomyth #HololiveEnglish",2021-03-02,128057,11726,127
【OMORI #04】More Mori Playing OMORI! The Story Continues... #Holomyth #HololiveEnglish,2021-02-28,173436,12185,153
CALLIOPE MORI - Channel Trailer - Hololive English #hololiveenglish #holomyth,2021-02-26,641778,63422,2037
【MINECRAFT COLLAB】Shark and Reaper Go on a Journey... #hololiveEnglish #holoMyth,2021-02-25,170985,14896,321
"【MEMBER'S ONLY】""Scarface"" (1983) Wine Party Watch-a-Long! #hololiveEnglish #holoMyth",2021-02-24,40780,2720,198
【GUILTY GEAR -STRIVE-】TRAINING ARC!! B}#Holomyth #HololiveEnglish,2021-02-22,242557,17309,296
【OMORI #03】Oh!! Mori Plays OMORI Again and We Get Deeper into This DREAM! #Holomyth #HololiveEnglish,2021-02-21,241529,15593,238
【MEMBER'S ONLY】January Edition! Let's Chat! #hololiveEnglish #holoMyth,2021-02-20,47675,3584,198
【YUME NIKKI - 日本語配信】今回も頑張りたい！！チャレンジ！B} #Holomyth #HololiveEnglish,2021-02-20,186065,15217,143
"【PAPERS, PLEASE #03】GLORY TO THE SHERIFF!!! #Holomyth #HololiveEnglish",2021-02-18,230753,15941,176
【GUILTY GEAR -STRIVE-】STRIIIIIIIVE!! LET'S ROCK!!! B}#Holomyth #HololiveEnglish,2021-02-16,250928,16891,525
【TAKAMORI WATCH-A-LONG】SHREK 1 & 2 #HoloMyth #HololiveEnglish,2021-02-16,388940,26983,502
"【VALENTINE'S PARTY】Eating Left Over Chocolate, No, I Am Not an Addict. :}#Holomyth #HololiveEnglish",2021-02-15,209638,20406,234
【SKYRIM】Early Morning Dragon-Borning! #Holomyth #HololiveEnglish,2021-02-13,157581,13222,163
【WINE PARTY 雑談】It's Been a While! Let's Chat! 8} #Holomyth #HololiveEnglish,2021-02-12,133917,13405,119
"【OMORI #02】Oh. More Mori, Going Deeper? Into This DOPE DREAM GAME?! #Holomyth #HololiveEnglish",2021-02-11,311973,19728,191
【SUPER CHAT DRINKING GAME】Sending Off Supers With Red Wine!!  #holoMyth #hololiveEnglish,2021-02-10,161199,14160,141
"【HOLLOW KNIGHT #01】Descent into Dankness, a New Adventure Popping Off!? #Holomyth #HololiveEnglish",2021-02-09,207319,17872,283
"【PAPERS, PLEASE #02】THERE'S A NEW SHERIFF IN TOWN... #Holomyth #HololiveEnglish",2021-02-08,403746,26958,342
【OMORI】Oh. Mori? Playing a Brand New RPG-style Game? #Holomyth #HololiveEnglish,2021-02-06,438298,26141,467
"【PAPERS, PLEASE】Inspector Calli and Kiara, at your F-Wording Service! #Holomyth #HololiveEnglish",2021-02-02,453852,33025,453
【RELEASE PARTY】Let`s Chat About the New Song! + Debut of Cardboard-Calli  #Holomyth #HololiveEnglish,2021-02-01,276500,22024,476
[ORIGINAL SONG] Off With Their Heads - Calliope Mori,2021-02-01,12376987,330813,14340
【CHATTING AND SLITHER.IO】An Exciting Week is Coming! But First... SNAKES! #Holomyth #HololiveEnglish,2021-01-31,179564,15553,198
【MEMBER'S ONLY】Chill Drawing with my Dead Beats! #hololiveEnglish #holoMyth,2021-01-29,71289,4240,255
【Phasmophobia Collab】Reaper and Zombie Vs. Ghosts?! #hololiveEnglish #holoMyth,2021-01-29,394023,28957,568
【SKYRIM】FUS-ROH-GUH!! #Holomyth #HololiveEnglish,2021-01-29,322590,24180,257
【MILLION SUB STREAM SUPER CHATS!!】Let's Send Off Your Supers!! 8}  #holoMyth #hololiveEnglish,2021-01-28,132529,13736,125
【1 MILLION SUBS ENDURANCE STREAM】Until the End!!! 8} #Holomyth #HololiveEnglish,2021-01-25,1141099,71017,1074
【MEMBER'S ONLY】Wine Party! Drankies and Chilling with my Dead Beats. #hololiveEnglish #holoMyth,2021-01-24,55357,3402,186
【MEMBER'S ONLY】Casual Chit-Chat with the Dead Beats! #hololiveEnglish #holoMyth,2021-01-24,27854,2073,99
【GETTING OVER IT】Calming Gameplay with Grim Reaper Calliope Mori #hololiveEnglish #holoMyth,2021-01-24,348897,25933,451
【ASMR STORY TIME】Let's Read Something! #HoloMyth #HololiveEnglish,2021-01-21,426821,21267,512
【Blasphemous #06】Woke Up Feeling SAVAGE!  #hololiveEnglish #holoMyth,2021-01-20,163720,12425,164
"【Q&A MARSHMELLOWS】Let's ""Mellow"" Out with Some Questions and Answers!!  #HoloMyth #HololiveEnglish",2021-01-19,297817,24003,649
"【MINECRAFT】""Go On a Sick-Nasty Adventure,"" or something, idk. #hololiveEnglish #holoMyth",2021-01-19,268852,22102,232
"【SUPER CHATS SEND-OFF】Ferry-Man, Here Come the Dead Beats!! 8} #holoMyth #hololiveEnglish",2021-01-18,102617,10084,64
【WINE PARTY 雑談】Red Wine Drinking and Crunchy Snack Chatting!! :} #Holomyth #HololiveEnglish,2021-01-17,122827,11875,123
【Ib】RPG Maker Sundays Starting Off with my First... Nostalgia?! #hololiveEnglish #holoMyth,2021-01-17,178796,15715,167
【TOUHOU SPELL BUBBLE】Can I be... a Cute Shrine Maiden?! #hololiveEnglish #holoMyth,2021-01-15,250268,19544,179
【ASMR MIC】It's Working! Lend Me Your Ears! #HoloMyth #HololiveEnglish,2021-01-14,1901954,63834,1495
【JUST CHATTING! 雑談】Taking a Coffee Break with the Dead Beats! #HoloMyth #HololiveEnglish,2021-01-14,132460,13006,123
【Blasphemous #05】Some Slaying with my Afternoon Tea  #hololiveEnglish #holoMyth,2021-01-13,161286,14370,107
【CRASH BANDICOOT 4】FINALE (FOR REAL THIS TIME) #hololiveEnglish #holoMyth,2021-01-11,225046,16273,148
"【Clubhouse 51】Games with Amelia! (Low Sodium, I Promise) #hololiveEnglish #holoMyth",2021-01-10,328501,21840,305
"【WATCH-A-LONG】""The Room"" and ""The Disaster Artist"" DOUBLE FEATURE! #HololiveEnglish",2021-01-09,140084,10806,159
【英語禁止】早口言葉バツゲーム :} #hololiveEnglish #holoMyth,2021-01-07,216570,16477,218
【MARIO KART 8 COLLAB】Reaper and Shark Race!! #hololiveEnglish #holoMyth,2021-01-07,282689,18877,216
【CRASH BANDICOOT 4】UNTIL I BEAT IT (mostly). #hololiveEnglish #holoMyth,2021-01-06,349569,23657,315
【SCUFFED ASMR MIC】...Left? Left? Left? ...RIGHT? #HoloMyth #HololiveEnglish,2021-01-05,389868,22975,260
【Blasphemous #04】The Blaspheming Continues!? Late into the Night!  #hololiveEnglish #holoMyth,2021-01-04,217685,14816,184
【WINE PARTY 雑談】HAPPY NEW YEAR! 2021 First Stream of the Year! #Holomyth #HololiveEnglish,2021-01-04,205470,18630,196
【A WAY OUT #4】Let's FINISH THIS. feat. Takanashi Kiara,2020-12-31,322817,22722,776
【A WAY OUT #3】A Grim Reaper and a Phoenix Walk Out of a Jail Cell... feat. Takanashi Kiara,2020-12-31,211563,16101,302
【MINECRAFT】Casual Exploring and Chilling! Literally. #hololiveEnglish #holoMyth,2020-12-30,260590,20237,233
【Blasphemous #03】Slaying Late into the Night! #hololiveEnglish #holoMyth,2020-12-29,164225,14108,119
【SUPER CHATS SEND-OFF】Let's Get These Supers Safely to the Underworld! #holoMyth #hololiveEnglish,2020-12-28,92072,9996,74
"【MEMBER'S ONLY】Shooting the S-Word, So To Speak. #hololiveEnglish #holoMyth",2020-12-27,31854,1908,85
【MEMBER'S ONLY WINE PARTY】Sleepy Reaper Talking Sleepy and Sipping Red #hololiveEnglish #holoMyth,2020-12-27,18450,1075,48
"【MEMBER'S ONLY SHOW】Chill Singing! Originals, and Anime Songs #hololiveEnglish #holoMyth",2020-12-27,64250,4318,132
【LIVE SHOW】Last of the Year! Singin' What I Feel Like! #HoloMyth #HololiveEnglish,2020-12-27,270794,27142,335
【TOUHOU SPELL BUBBLE】Your Boy Loves Cute Shrine Maidens!! #hololiveEnglish #holoMyth,2020-12-26,131500,12284,177
"【CHRISTMAS DATE】Merry to the Merry! Let's, Uh, Go Somewhere Sick? :} #hololiveEnglish #holoMyth",2020-12-25,191419,19411,278
【SLEEPY ASMR雑談】Cozy Chit-Chat with my Dead Beats... #HoloMyth #HololiveEnglish,2020-12-23,175623,16218,218
【SHADOWVERSE】Reaper's First Card Game!? I Am In. #hololiveEnglish #holoMyth,2020-12-21,233184,17509,221
【MINECRAFT COLLAB】mErry Merry! From the HoloEN Girls! #hololiveEnglish #holoMyth,2020-12-19,177458,15184,174
"【FAKE SLEEPOVER雑談】Kusotori Came to My House, So... feat. Takanashi Kiara #takamori",2020-12-18,535313,41397,694
【MINECRAFT】Pimp My Cave #hololiveEnglish #holoMyth,2020-12-18,163548,13040,407
【Blasphemous】Maybe I Can Do This After All...?? #hololiveEnglish #holoMyth,2020-12-17,110577,10037,101
"【PUYO PUYO TETRIS 2】what is a tetris. is it a puzzle? feat. Takanashi Kiara, Ninomae Ina'nis",2020-12-15,153637,13167,223
【WATCH-A-LONG】Fight Club (1999) #HoloMyth #HololiveEnglish,2020-12-14,129896,11337,115
【Blasphemous】Tee Hee! This Can Only End Well. #hololiveEnglish #holoMyth,2020-12-11,213202,16664,241
【SLEEPY ASMR(?)雑談】Talking (SOFTLY) With the Dead Beats! #HoloMyth #HololiveEnglish,2020-12-10,246104,18370,285
【RAPS AND SUPER CHATS】Bread Rapping and Dead Beat Thanking Continues,2020-12-09,156694,13579,196
"【A WAY OUT】Kusotori, Get the Censors Ready Cuz There's a Prison Scene I Think. feat. Takanashi Kiara",2020-12-08,496986,31360,609
"【MANGA READING】Hello, Dead Beats. I'm Dad. Was That Okay? #HololiveEnglish",2020-12-07,316608,22959,602
"【HALO REACH COLLAB】Amelia, Teach Me The Ways of THE SHOOT. #hololiveEnglish #holoMyth",2020-12-06,283585,20582,547
"【RAP PARTY 雑談】Writing Bad Raps, Listening to Remixes, and Chatting!",2020-12-05,243481,21169,322
【MINECRAFT】Let's Build My Crib. #hololiveEnglish #holoMyth,2020-12-04,561721,30138,436
【CRASH BANDICOOT 4】i can play a video game i swear #hololiveEnglish #holoMyth,2020-12-03,134397,11882,89
【KAZOO CONCERT】SUPER CHAT READING WIPEOUT!! #hololiveEnglish #holoMyth,2020-12-02,177285,16186,215
【MEMBER'S ONLY】October ZATSUDAN!!! Sleepy Reaper Talk Stream. :} #hololiveEnglish #holoMyth,2020-11-29,55191,2881,162
【MEMBER'S ONLY】Wine Celebration At My New Crib #hololiveEnglish #holoMyth,2020-11-29,37821,1870,99
【MEMBER'S ONLY】Let's Check Out the Track I Scuffed Up #hololiveEnglish #holoMyth,2020-11-29,37484,2700,148
【KARAOKE AFTER PARTY 雑談】Sleepy Reaper Hangs with the Dead Beats!,2020-11-29,166967,13876,106
【KORONE COLLAB】Keep Talking and Nobody Explodes! JP and ENG Challenge!? #hololiveEnglish #holoMyth,2020-11-27,624171,48382,887
【700K SUBS PARTY 雑談】Sleepy Reaper Says A BIG F-WORDING THANK YOU.,2020-11-26,193759,20553,201
"【CRASH BANDICOOT 4】Ah, Yes. Relaxing with ""Best Boy."" Very Chill. #hololiveEnglish #holoMyth",2020-11-26,146641,12321,116
"【DON'T STARVE TOGETHER】...Or do, could be nice. :} #hololiveEnglish #holoMyth",2020-11-22,189248,13921,139
"【LIVE SHOW】Original Songs and Karaoke!!! BRING IT, FOOLS! #HoloMyth #HololiveEnglish",2020-11-21,428958,38724,487
"【WINE PARTY 雑談】CELEBRATE SHIMASHOU, MINNA. wine and chill with my dead beats.",2020-11-20,203976,21401,194
"【CRASH BANDICOOT 4】Ah, Yes. It is, in Fact, ABOUT F-WORDING TIME. #hololiveEnglish #holoMyth",2020-11-19,238214,17883,234
"【OVERCOOKED 2: FINALE】YES, CHEF!!! Let's Finish This Fight. #hololiveEnglish #holoMyth",2020-11-18,250309,20769,175
【WATCH-A-LONG】The Boondock Saints (1999) #HoloMyth #HololiveEnglish,2020-11-18,123753,9735,100
【LATE NIGHT雑談】Sleepy Reaper ASMR (?) and Free Talk! #HoloMyth #HololiveEnglish,2020-11-16,490309,31896,847
"【LETHAL LEAGUE】It Has ""Lethal"" in the Title, so We Play. #hololiveEnglish #holoMyth",2020-11-14,252069,19094,310
"【WINE PARTY雑談】Let's Chill at My ""Crib""! BIG ANNOUNCEMENT, TOO!",2020-11-13,210259,16722,305
【SUPERCHAT READ】super read F WORDING FINALLY #hololiveEnglish #holoMyth,2020-11-12,99705,9920,77
"【英会話デート】LET'S PRACTICE DATING ENGLISH, SLOWLY! :} #hololiveEnglish #holoMyth",2020-11-12,267250,21179,423
【YAKUZA: LIKE A DRAGON】I Am Preparing My Rolling R's For This!#hololiveEnglish,2020-11-10,317691,22535,393
"【AMONG US COLLAB】Senpai's Lookin' Kinda SUS, AM I CORRECT? HOLO JP/ID/EN",2020-11-09,361634,23028,491
【MAD RAT DEAD】WE RAT RHYTHM GAME NOW!! Say that 10 times fast. #hololiveEnglish #holoMyth,2020-11-05,245844,19063,329
【COLLAB- OVERCOOKED 2 or MOVING OUT】3 Ex-Chefs??? #hololiveEnglish #holoMyth,2020-11-04,261925,20123,307
"【PHASMOPHOBIA COLLAB】Hello Demons, It's Me, Your Boy  #hololiveEnglish #holoMyth",2020-11-03,479956,27629,532
【HALLOWEEN BAR + SONG RELEASE PARTY】letz get spooky #hololiveEnglish #holoMyth,2020-11-01,248902,19606,299
[ORIGINAL SONG]  Cursed Night - Calliope Mori,2020-11-01,4855748,152370,5064
【COLLAB】Secret Neighbor! Wait... who invited this weird dude im confused  #hololiveEnglish #holoMyth,2020-11-01,193651,14718,177
"【500k SUBS PARTY雑談】Remix Contest Results and Celebration for the Best Fans, a.k.a, MINE.",2020-10-23,326747,25471,344
"【THEY BLEED PIXELS】Bleeding? Pixels?! Hold Up, I Like Both of Those Things!  #hololiveEnglish",2020-10-23,159851,13134,188
【MINECRAFT COLLAB】Reaper and Shark! HoloEN KILAZ on the Set! #hololiveEnglish #holoMyth,2020-10-22,325900,22713,282
"【英会話カフェ】LET'S PRACTICE ENGLISH, SLOWLY! :} #hololiveEnglish #holoMyth",2020-10-21,496522,28524,704
【SUPERCHAT READ】S U P E R. #hololiveEnglish #holoMyth,2020-10-21,139071,12145,89
"【MEMBER'S ONLY】Let's Get These Emotes ""Popping Off!"" #hololiveEnglish #holoMyth",2020-10-18,67307,2650,175
【MEMBER'S ONLY】September ZATSUDAN!!! Talking. :} #hololiveEnglish #holoMyth,2020-10-18,49977,3721,160
"【MEMBER'S ONLY】September WINE PARTY!!! ha ha, ""drankies."" :} #hololiveEnglish #holoMyth",2020-10-18,46283,2456,165
【HOLOEN COLLAB】Minecraft. I Want to Make a Pool. Calliope Perspective  #hololiveEnglish #holoMyth,2020-10-18,200110,14098,223
【REMIX PARTY】TOP 10 (?) REVEAL! AND PARTY! and chat. with Kiara and kokorobeats!,2020-10-17,463881,32020,939
"【LIVE SHOW】Mori Live Music! Calliope Mori's First Free Concert, ye!  #hololiveEnglish #holoMyth",2020-10-17,503893,44447,753
【FREE TALK 雑談】Let's Make a Calliope Stream BINGO CARD. The Kids Often Create Them These Days.,2020-10-15,186086,14969,223
【MUSIC CHAT】Chatting and Sampling and Playing Instruments from My Realm! #hololiveEnglish #holoMyth,2020-10-15,158259,13412,256
【OVERCOOKED2】B*tchin' Kitchen and Now Takoyaki is on the Menu #hololiveEnglish #holoMyth,2020-10-14,307321,20561,225
"【DOOM Eternal #03】REAP AND TEAR!!! And Get Real Tilted, Probably! #hololiveEnglish #holoMyth",2020-10-14,287281,19050,397
"【400k SUBS PARTY雑談】""Very Large Ups"" to my ""Homies!"" and RIP, Old PC-kun haha get bent, loser :}",2020-10-09,244922,19139,286
【MINECRAFT COLLAB】Reaper and Kusotori on a M〇rderous Quest! I hope? #hololiveEnglish #holoMyth,2020-10-09,473269,34453,870
"【TRACK MAKING】Let Us Gather Samples from Heck, aka MY HOME #hololiveEnglish #holoMyth",2020-10-08,254089,19441,495
【COLLAB】SNACK TIME! 4th Collab Stream (The Best Number)  #hololiveEnglish #holoMyth,2020-10-04,451453,30200,792
"【DOOM Eternal #02】It is Not Done, So We Continue To Rip and Tear #hololiveEnglish #holoMyth",2020-10-04,249062,15330,388
【Mad Father】Ends are Sad. LET'S FINISH THIS. #hololiveEnglish #holoMyth,2020-10-03,167216,11762,203
【WINE PARTY雑談】Let Us Converse! (and talk sh*t idk lol) #hololiveEnglish #holoMyth,2020-10-02,148186,11799,197
【LET'S DRAW】Drawing My Cute Homies For Real Tho Part 2 #holoMyth #hololiveEnglish,2020-10-02,159243,12830,174
"【OVERCOOKED2】We Are Master Chefs, it's fine, it's fine, it's fine  #hololiveEnglish #holoMyth",2020-09-29,348151,23099,413
【DOOM Eternal #01】RIP♡....... and tear? ha ha ha ohhhhhhhhh man #hololiveEnglish #holoMyth,2020-09-26,585174,30481,947
【Q&A STREAM】DO YOU HAVE AN INQUIRY? ...gimme that Q. #hololiveEnglish #holoMyth,2020-09-25,235089,15911,328
"【MEMBERSHIP OPEN!】Wow! Officially grant me your soul! I mean, if u wanna  #hololiveEnglish #holoMyth",2020-09-24,225622,18954,372
【SUPERCHATS CONT.】A L L  O F T H E M. #hololiveEnglish #holoMyth,2020-09-22,90048,7738,196
【Mad Father】Dad is Bad. LET'S FIND HIM. #hololiveEnglish #holoMyth,2020-09-22,198647,15238,502
【SUPERCHATS】ALL OF THEM. #hololiveEnglish #holoMyth,2020-09-19,173463,12481,318
【Mad Father】Why is dad mad?? LET'S FIND OUT. #hololiveEnglish #holoMyth,2020-09-19,343051,22112,545
【ANNOUNCEMENT & DRINKING PARTY】$5.00 Wine and BIG NEWS! #hololiveEnglish #holoMyth,2020-09-18,238325,18622,405
【IT BEGINS】”Super-Chat?” What is that? Is it something lethal? :} #hololiveEnglish #holoMyth,2020-09-17,253788,23401,730
"【SONG RELEASE PARTY】""Live Again"" 雑談 and Drawing feat. G*cci Tentacles a.k.a. Ninomae Ina'nis!",2020-09-16,230682,17114,350
[Original Song] Live Again - Calliope Mori #holoMyth #hololiveEnglish,2020-09-16,12728703,240703,8597
"【Let's Draw!】Drawing Hololive EN Girls with Calliope Mori! Tee to the Hee, everyone!",2020-09-16,276051,19668,278
"【SONG RELEASE PARTY+雑談】""DEAD BEATS"" Song Review! This song was GIRI GIRI AF.",2020-09-15,195603,17187,496
[Original Rap] DEAD BEATS - Calliope Mori #holoMyth #hololiveEnglish,2020-09-15,16801999,343550,8433
"【SONG REVIEW (only a little) + CHAT】雑談 on ""Dat Jikoshoukai Fire"" ?? Ok. Feat. Drawing with Gura!",2020-09-14,387634,27072,609
[Original Rap] ReaperかRapper? 自己紹介ラップ - Calliope Mori #holoMyth #hololiveEnglish,2020-09-14,3291383,119870,4431
【SONG REVIEW AND CHAT】雑談 Thanks for 100k subs! Let's talk- My New Song! feat. Bird (Kiara Takanashi),2020-09-13,458910,33530,1073
"[ORIGINAL SONG]  失礼しますが、RIP♡ || “Excuse My Rudeness, But Could You Please RIP?” - Calliope Mori",2020-09-12,38252556,717438,23945
"【DEBUT STREAM】Memento Mori! What is Up, Humans?! #hololiveEnglish #holoMyth",2020-09-12,1677413,102809,5236
