content,tags,posted_time,replies,retweets,likes,views
"3月22日日曜日
おはようございます！ #おはようホロライブ です。

星街すいせい誕生日

#星街すいせい ニューシングル
「NEXT COLOR PLANET」リリース！
https://linkco.re/CTQS1ebu

それでは今日もホロライブをよろしくお願いします！",#おはようホロライブ #星街すいせい,2020-03-21T22:30:00+00:00,99,1775,4651,-1
"【お知らせ】
#星街すいせい 待望のニューシングル
「NEXT COLOR PLANET」が、iTunesなど
各種サービスで3月22日リリース

「Arte Refact」氏が手掛けたキュートで
クールなパーティソングを、ぜひご視聴ください

詳細はこちら
https://prtimes.jp/main/html/rd/p/000000241.000030268.html…",#星街すいせい ,2020-03-21T14:09:43+00:00,10,1708,3827,-1
"【お知らせ】
新ラジオ番組「星街すいせいのMUSIC SPACE」が、4月5日（日）17時より文化放送 超！A&G＋でスタートします

初回収録に向けてメッセージをお待ちしています
ーーー
宛先：suisei@joqr.net
ハッシュタグ：#すいせいみゅーじっく
ーーー",#すいせいみゅーじっく,2020-03-21T13:12:11+00:00,27,2412,4777,-1
"3月22日日曜日
おはようございます！ #おはようホロライブ です。

星街すいせい誕生日

#星街すいせい ニューシングル
「NEXT COLOR PLANET」リリース！
https://linkco.re/CTQS1ebu

それでは今日もホロライブをよろしくお願いします！",#おはようホロライブ #星街すいせい,2020-03-21T22:30:00+00:00,99,1775,4651,-1
"え？ここはどこ？
コスプレ女 #宝鐘マリン さんは別のコスプレしているし、いつもと様子が全然違います。

#ホロライブ の3Dアニメ「ホロのぐらふぃてぃ」第46話は明日、3/22の夜ごろ公開

本日は #大空スバル さんの懐かしい思い出を投稿しました
https://youtu.be/Xf5NVgE-fpg",#宝鐘マリン #ホロライブ #大空スバル ,2020-03-21T12:00:05+00:00,19,937,3000,-1
"【商品情報】
紫咲シオン「ハバ卒Tシャツ」
発売開始しました！

これを着たら全員ハバ卒になれちゃうTシャツです！

販売はコチラ
https://booth.pm/ja/items/1900795…

#紫咲シオン",#紫咲シオン  ,2020-03-21T10:53:45+00:00,10,501,1246,-1
"あの配信のあの時、あの子はこんな感じだったのかなって想像するの楽しいですよね
公式も楽しんでいます

皆さんが作った再現動画が回転寿司のようにたくさん回ってきたら良いなと思いハッシュタグは #ホロざんまい

…ホロライブ公式 #ホロざんまい 参戦!!

フルver.はこちら",#ホロざんまい #ホロざんまい,2020-03-21T09:00:39+00:00,131,5485,13293,-1
"3月21日土曜日
おはようございます！  #おはようホロライブ です。

所属タレントの配信スケジュールはこちら
https://schedule.hololive.tv

それでは今日もホロライブをよろしくお願いします！",#おはようホロライブ,2020-03-20T21:30:00+00:00,123,1195,3177,-1
"・ゴスロリケモ耳少女
闇より生まれた現世に蘇りし漆黒の堕天使。
芝居がかった言い回しが多く誤解されがちだが、根は真面目。

担当イラストレーター：パセリ（ 
@Parsley_F
 ）

#VTuberオーディション",#VTuberオーディション,2020-03-20T08:05:37+00:00,40,2158,4673,-1
"募集中のキャラクターは以下の2名です。
奮ってご応募をお待ちしております！！

・妖艶な雰囲気漂う雪の魔女
妖艶な雰囲気のミステリアスな美女。
面倒見がよく頼られがちな性格で悩みも多いようだが…？

担当イラストレーター：かかげ（ 
@kakage0904
 ）

#VTuberオーディション",#VTuberオーディション,2020-03-20T08:05:06+00:00,29,2011,5195,-1
"【速報】
ホロライブ《キャラあり》オーディションが開始しました。
3月20日(金)〜3月30日(月)まで応募を受付いたします！！
皆様のご応募をお待ちしております！！

応募はこちら
https://hololive.tv/characteraudition…

#ホロライブ
#VTuberオーディション",#ホロライブ #VTuberオーディション,2020-03-20T08:03:26+00:00,79,5129,9166,-1
"【お知らせ】
AZKiが歌唱担当した「黒鉄の守り人」デジタル配信開始!エモーショナルなバラード曲をお届けします!
(ゲーム『 #ジンキ・リザレクション 』EDテーマ/ #戯画 
@web_giga
 )
配信リンク一覧 : https://linkco.re/PCzg5pTg

今日20時からMV公開!続報はAZKiのYouTubeで!
https://youtube.com/watch?v=P2yeYNI1H2M…",#ジンキ・リザレクション #戯画,2020-03-20T02:00:00+00:00,2,342,887,-1
"3月20日金曜日
おはようございます！  #おはようホロライブ です。

所属タレントの配信スケジュールはこちら
https://schedule.hololive.tv

運営オススメの休日の過ごし方：ホロぐら一気見
https://youtube.com/playlist?list=PL1NeGg1woXqmEelvJb_OFtVi8iYJgNF6D…

それでは今日もホロライブをよろしくお願いします！",#おはようホロライブ,2020-03-19T21:30:02+00:00,111,1182,3033,-1
"3月19日木曜日
おはようございます！  #おはようホロライブ です。

所属タレントの配信スケジュールはこちら
https://schedule.hololive.tv

それでは今日もホロライブをよろしくお願いします！",#おはようホロライブ,2020-03-18T21:30:05+00:00,113,1287,3404,-1
"【商品情報】
「湊あくあ NEKOシャツ」販売中！
湊あくあが直接筆を執った「NEKO」が大きくプリントアウトされた、珠玉の逸品となっております！

販売ページはこちら↓
https://hololive.booth.pm/items/1909785

#湊あくあ #ホロライブ",#湊あくあ #ホロライブ,2020-03-18T12:10:36+00:00,67,1471,3242,-1
"3月18日水曜日
おはようございます！  #おはようホロライブ です。

所属タレントの配信スケジュールはこちら
https://schedule.hololive.tv

ホロライブ歌ってみたリスト更新
https://youtube.com/playlist?list=PL1NeGg1woXqlISJkxjgwHKgB8LmR7tk92…

それでは今日もホロライブをよろしくお願いします！",#おはようホロライブ,2020-03-17T21:30:00+00:00,105,1252,3386,-1
"【速報】
ブシロード様が3月より展開する新作TCG「Reバース」に、弊社「ホロライブプロダクション」が参戦いたします

#Reバース 
#ホロライブプロダクション",#Reバース #ホロライブプロダクション,2020-03-17T06:43:43+00:00,114,2162,3471,-1
"3月17日火曜日
おはようございます！  #おはようホロライブ です。

所属タレントの配信スケジュールはこちら
https://schedule.hololive.tv

それでは今日もホロライブをよろしくお願いします！",#おはようホロライブ,2020-03-16T21:30:00+00:00,111,1242,3274,-1
"3月16日月曜日
おはようございます！  #おはようホロライブ です。

所属タレントの配信スケジュールはこちら
https://schedule.hololive.tv

それでは今日もホロライブをよろしくお願いします！",#おはようホロライブ,2020-03-15T21:30:00+00:00,128,1571,4229,-1
"【 #AZHOOD 】
5/16(土) #AZKi 史上最大規模のワンマンライブ
「AZKi 5th LiVE [three for the hood]」@新宿BLAZE 開催決定！

只今より、イープラス先行(先着)の受付開始！
Sightseeingチケットは、何とお値段¥2,000！

▼申し込みURL/ライブ詳細はココ!
https://eplus.jp/azki0516/",#AZHOOD #AZKi ,2020-03-15T11:00:00+00:00,0,195,504,-1
"ホロライブホワイトデーボイス
修正報告
スバ谷スバ夫ボイスで窓ガラスを破って登場するシーンが入っておりませんでしたので修正しました。マイページから再度DLをお願いします。
お客様にはご迷惑をおかけし大変失礼いたしました。
#ホロライブ
#ホロライブプロダクション
https://hololive.booth.pm/items/1879823",#ホロライブ #ホロライブプロダクション,2020-03-15T09:15:37+00:00,132,1894,3989,-1
"【#ホロぐら 更新】

普段は呑気な #ロボ子さん
でも今はなんだか時間を気にしている様子
こんな時に限って困ったことが起きてしまい……

#ホロライブ の3Dアニメ「ホロのぐらふぃてぃ」公開
感想は #ホロぐら でお待ちしております

本編はコチラ",#ホロぐら #ロボ子さん #ホロライブ #ホロぐら ,2020-03-15T09:11:48+00:00,30,1818,4639,-1
"3月15日日曜日
おはようございます！ #おはようホロライブ です。

ホロライブ ホワイトデーボイス2020発売中
https://hololive.booth.pm/items/1879823

所属タレントの配信スケジュールはこちら
https://schedule.hololive.tv

それでは今日もホロライブをよろしくお願いします！",#おはようホロライブ,2020-03-14T22:00:00+00:00,93,1014,2597,-1
"#AZKi 、 楽曲「mirror」（作詞・作曲・編曲 #さめのぽき )のデジタル配信を開始しました！

▼配信リンク
https://linkco.re/rrxbzMx3

来週3/22(日)開催の #LVS2 では、この日しか聴けないverも披露されるとか…！

▼LVS2 チケット",#AZKi #さめのぽき #LVS2,2020-03-14T15:33:10+00:00,0,240,667,-1
"コンビニに買い物に来た #ロボ子さん
そこにはなぜか #兎田ぺこら がいて……？

#ホロライブ 所属VTuberの3Dアニメ「ホロのぐらふぃてぃ」第45話は明日、3/15の夜ごろ公開

 #星街すいせい さん初登場！の前回
https://youtu.be/_B-Q10J9KSg

#ホロぐら",#ロボ子さん #兎田ぺこら #ホロライブ #星街すいせい #ホロぐら,2020-03-14T12:00:03+00:00,30,797,2214,-1
"【ボイスのダウンロードに関してのご案内②】
尚、ボイスが正常に再生できない状態が解消されないお客様につきましては、お手数をお掛けいたしますが、BOOTH内のメッセージにてご連絡をお願いいたします。

今後ともホロライブプロダクションをご愛顧の程、よろしくお願いいたします。",,2020-03-14T11:25:22+00:00,0,55,211,-1
"【ボイスのダウンロードに関してのご案内①】
いつもご愛顧いただきありがとうございます。

「ホロスターズ ホワイトデーボイス」の「ボイスが正常に再生されない」状態に関しまして、ボイスデータに異常はございませんでしたので、再度ダウンロードをお試しいただけますと幸いです。",,2020-03-14T11:25:22+00:00,1,120,586,-1
"【お知らせ】
あのイケメンたちがイケボを披露!?
「ホロライブ」ホワイトデーボイスが本日より販売！

購入はコチラ
https://hololive.booth.pm/items/1879823 

出演：めるお、夏色松彦、夜明けのムラサキ、スバ谷スバ夫、ルシファア、ホムラ、黒鉄、彼方くん", ,2020-03-14T07:04:53+00:00,74,1521,2920,-1
"3月14日土曜日
おはようございます！  #おはようホロライブ です。

本日21:00～ #とまらないARK 最終章！
【死んだら即終了　ホロ鯖最終決戦】

参加者:

それでは今日もホロライブをよろしくお願いします！",#おはようホロライブ #とまらないARK,2020-03-13T22:00:01+00:00,109,1246,3270,-1
"【商品情報】
『ホロスターズ ホワイトデーボイス』が本日24時(14日0時)より販売開始です！
メンバーが自身で考えた、あなたへの感謝のこもった渾身のボイスとなっております！

販売ページはこちら↓
https://hololive.booth.pm/items/1879741

#ホロスターズ",#ホロスターズ,2020-03-13T09:05:59+00:00,1,171,467,-1
"【ボイス販売についてのご案内②】
また、「子守唄ASMR」の個別販売も開始しております。

今後とも、ホロライブプロダクションをご愛顧の程、よろしくおねがいいたします。

#ロボ子さん #ホロライブ",#ロボ子さん #ホロライブ,2020-03-13T03:02:51+00:00,0,59,236,-1
"【ボイス販売についてのご案内①】
いつもご愛顧いただきありがとうございます。

お待たせして大変申し訳ございません。
『ロボ子さん 2周年記念ボイス』に関しまして、「子守唄ASMR」を追加いたしました。
既に全部セットをご購入の方は、「購入履歴」よりダウンロードしていただけます。",,2020-03-13T03:02:51+00:00,9,235,957,-1
"【商品情報】
お待たせいたしました！
『ロボ子さん モバイルバッテリー』の注文受付を開始いたします！

また、今回は受注生産となります。
お買い逃がしのない様お気を付けください！

販売ページはこちら↓
https://hololive.booth.pm/items/1893915", ,2020-03-13T03:02:19+00:00,6,383,978,-1
"3月13日金曜日
おはようございます！ #おはようホロライブ  です。

ときのそら
ミニアルバム『My Loving』好評発売中！

全曲トレーラー
https://youtu.be/Ai4dXfgfb5I

特設サイトはこちら",#おはようホロライブ,2020-03-12T21:30:00+00:00,109,1214,2919,-1
"【お知らせ】
ホロライブ春の感謝セール開催
日頃の応援に感謝を込め、過去販売されたグッズをお値打ち価格で販売 最大80%オフのグッズも
■場所：AKIHABARAゲーマーズ本店7F
■期間：3/13～3/29
■1000円お買い上げごとに特典プレゼント
※なくなり次第終了
#ホロライブプロダクション",#ホロライブプロダクション,2020-03-12T12:23:00+00:00,41,1042,1923,-1
"【 お知らせ 】
「ホロスターズ」所属VTuber5名の新衣装を、ホワイトデーに合わせて発表いたしました

お披露目配信は、2020年3月15日（日）の18時より、リレー形式で実施予定です。

詳細はコチラ
https://prtimes.jp/main/html/rd/p/000000235.000030268.html…", ,2020-03-12T02:05:06+00:00,28,980,2434,-1
"3月12日木曜日
おはようございます！  #おはようホロライブ です。

所属タレントの配信スケジュールはこちら
https://schedule.hololive.tv

ホロライブ歌ってみたリスト
https://youtube.com/playlist?list=PL1NeGg1woXqlISJkxjgwHKgB8LmR7tk92…

それでは今日もホロライブをよろしくお願いします！",#おはようホロライブ,2020-03-11T21:30:00+00:00,110,1146,2775,-1
"【お知らせ】
「ホロスターズ」初のホワイトデーボイスが、2020年3月14日（土）より発売開始いたします

詳細はコチラ
https://prtimes.jp/main/html/rd/p/000000234.000030268.html…

#ホロスターズ
#ホロライブプロダクション",#ホロスターズ #ホロライブプロダクション,2020-03-11T08:05:48+00:00,0,337,839,-1
"3月11日水曜日
おはようございます！  #おはようホロライブ です。

所属タレントの放送スケジュールが分かる便利なサイト
https://schedule.hololive.tv

それでは今日もホロライブをよろしくお願いします！",#おはようホロライブ,2020-03-10T21:30:00+00:00,119,1326,3271,-1
"3月10日火曜日
おはようございます！ #おはようホロライブ です。

所属タレントの配信スケジュールはこちら
https://schedule.hololive.tv

ロボ子さん2周年記念ボイス発売中
https://hololive.booth.pm/items/1893402

それでは今日もホロライブをよろしくお願いします！",#おはようホロライブ,2020-03-09T21:30:00+00:00,130,1405,3541,-1
"【お詫びとお知らせ】
いつもご声援ありがとうございます。

現在「ロボ子さん 2周年記念モバイルバッテリー」が不具合により受注できない状態となっております。ご迷惑をお掛けし大変申し訳ございません。

追って、再度受注を実施いたします。
何卒お待ち頂きますようよろしくお願いいたします。",,2020-03-09T13:50:12+00:00,24,519,2259,-1
"3月9日月曜日
おはようございます！ #おはようホロライブ です。

 本日20:00~
【四月一日さん家と】ドラマに関する重大生報告…！？
https://youtu.be/H4gy-hzoKmo

所属タレントの配信スケジュールはこちら
https://schedule.hololive.tv

それでは今日もホロライブをよろしくお願いします！",#おはようホロライブ,2020-03-08T21:32:31+00:00,136,1687,4380,-1
"【商品情報】
角巻わため『Member Sheep』解禁記念！
「Now LoadingTシャツ」「わためは…悪くないよねぇ??Tシャツ」同時発売！

販売ページはこちら↓
『Now LoadingTシャツ』
https://hololive.booth.pm/items/1887775
『わためは…悪くないよねぇ??Tシャツ』
https://hololive.booth.pm/items/1887714", ,2020-03-08T13:15:13+00:00,29,962,2372,-1
"【#ホロぐら 初登場】

みんなをテトリスにして遊びたい
#星街すいせい から逃げるために #潤羽るしあ と #百鬼あやめ が思いついた方法とは!?

#ホロライブ 所属VTuberの3Dアニメ「ホロのぐらふぃてぃ」公開
感想は #ホロぐら でお待ちしております

本編はコチラ",#ホロぐら #星街すいせい #潤羽るしあ #百鬼あやめ #ホロライブ #ホロぐら,2020-03-08T09:00:46+00:00,78,3095,7360,-1
"【 #AZHOOD 】
5/16(土) #AZKi 史上最大規模のワンマンライブ
「AZKi 5th LiVE [three for the hood]」@新宿BLAZE 開催決定！

チケットは現在、FANBOX先行(先着)で今日23:59まで受付中！
1st Pioneerチケットにはお得な特典が盛り沢山！

▼申し込みURL/ライブ詳細はココ!
https://prtimes.jp/main/html/rd/p/000000225.000030268.html…",#AZHOOD #AZKi,2020-03-08T03:00:00+00:00,1,136,435,-1
"3月8日日曜日
おはようございます！ #おはようホロライブ です。

所属タレントの配信スケジュール
https://schedule.hololive.tv

それでは今日もホロライブをよろしくお願いします！",#おはようホロライブ,2020-03-07T22:00:00+00:00,137,1702,4731,-1
"本日20:00~ ホロARK洞窟攻略
#ホロARK1番隊 
#ホロARK2番隊
#ホロARK3番隊 
#ホロARK4番隊

放送枠はこちらから
https://schedule.hololive.tv

(音あり) 問題のシーンはこちら",#ホロARK1番隊 #ホロARK2番隊 #ホロARK3番隊 #ホロARK4番隊,2020-03-07T10:00:00+00:00,7,1186,3172,-1
"【 #AZHOOD 】
5/16(土) #AZKi 史上最大規模のワンマンライブ
「AZKi 5th LiVE [three for the hood]」@新宿BLAZE 開催決定！

チケットは現在、FANBOX先行(先着)で明日23:59まで受付中！
3種類のチケット、あなたはどれを選びますか？

▼申し込みURL/ライブ詳細はココ!
https://prtimes.jp/main/html/rd/p/000000225.000030268.html…",#AZHOOD #AZKi,2020-03-07T03:01:00+00:00,0,225,589,-1
"【 #LVS2 】
3/22(日) #AZKi 対バン企画「LAST V STANDiNG vol.2」@秋葉原エンタス 開催！
(ゲスト:エルセとさめのぽき)

チケット一般発売、本日より開始！
当日は、この日の為にさめのぽきが書き下ろした新曲も披露される予定です！

▼申し込みURL/ライブ詳細はココ!",#LVS2 #AZKi,2020-03-07T01:00:00+00:00,0,132,500,-1
"3月7日土曜日
おはようございます！  #おはようホロライブ です。

所属タレントの配信スケジュールはこちら
https://schedule.hololive.tv

運営オススメの休日の過ごし方：ホロぐら一気見
https://youtube.com/playlist?list=PL1NeGg1woXqmEelvJb_OFtVi8iYJgNF6D…

それでは今日もホロライブをよろしくお願いします！",#おはようホロライブ,2020-03-06T21:30:00+00:00,146,1678,4459,-1
"【お知らせ】
「ホロライブ中国」において、2期生のメンバー「Doris（ドリス）」「Artia（アティア）」「Rosalyn（ロサリン）」のデビューが決定いたしました。

詳細はコチラ
https://prtimes.jp/main/html/rd/p/000000232.000030268.html…

#ホロライブ中国
#ホロライブプロダクション",#ホロライブ中国 #ホロライブプロダクション,2020-03-06T09:02:01+00:00,37,1135,2931,-1
"【商品情报 -国外的用户-】
2020年1月以后的Pop Up Store的周边商品开始贩卖啦！
住在日本以外地区的用户也可以通过以下网址进行购买，所以请务必点击它哦！

(英语网站)
https://geekjack.net/hololive-pop-up-shop/language/en…
(中文网站)https://geekjack.net/hololive-pop-up-shop/language/zh-TW…

#hololive",#hololive,2020-03-06T03:10:18+00:00,4,24,119,-1
"【商品情報】
エビテンニュータイプ アニメマーケットにて、2020年1月、2月に開催されたポップアップストアのグッズが販売開始になりました！

お買い逃がしの無いようお気を付けください！

販売ページはこちら↓
https://ebten.jp/newtype/search?name=atre2020…

#ホロライブ",#ホロライブ,2020-03-06T03:10:18+00:00,26,814,1626,-1
"【 #LVS2 】
3/22(日) #AZKi 対バン企画「LAST V STANDiNG vol.2」@秋葉原エンタス 開催！
(ゲスト:エルセとさめのぽき)

チケット一般発売が明日AM10:00〜開始！
当日は、この日の為にさめのぽきが書き下ろした新曲も披露される予定です！

▼申し込みURL/ライブ詳細はココ!",#LVS2 #AZKi,2020-03-06T03:01:00+00:00,0,162,531,-1
"3月6日金曜日
おはようございます！ #おはようホロライブ です。
星街すいせいはどこからやってくる...？

タレントの配信スケジュール&アーカイブはこちら
https://schedule.hololive.tv

それでは今日もホロライブをよろしくお願いします！",#おはようホロライブ,2020-03-05T22:00:24+00:00,190,1923,4983,-1
"『樱巫女  生日纪念音声』开始贩卖！
对于在4/6(星期一)12点之前购买「附赠特典的全套set」的用户，将附赠「成海七海老师亲笔描绘描水晶板」「樱巫女直笔签名明信片」等豪华特典！

贩卖主页在这里↓
https://geekjack.net/sakura_miko/language/en… （英语页面)
https://geekjack.net/sakura_miko/language/zh-TW…　(中文页面)

#樱巫女 #hololive",#樱巫女 #hololive,2020-03-05T13:11:16+00:00,4,127,559,-1
"『さくらみこ 誕生日記念ボイス』販売開始！
4/6(月)12時までに「特典付き全部セット」をご購入の方には、「成海七海先生描き下ろしアクリルパネル」「さくらみこ直筆サイン入りポストカード」などの豪華特典が付いてきます！

販売ページはこちら↓
https://hololive.booth.pm/items/1878786

#さくらみこ #ホロライブ",#さくらみこ #ホロライブ,2020-03-05T13:10:43+00:00,5,608,1522,-1
"3月5日木曜日
おはようございます！ #おはようホロライブ です。

さくらみこ 誕生日
21:00~ 記念配信
https://youtu.be/V1EE-eRaOFk

それでは今日もホロライブをよろしくお願いします！",#おはようホロライブ,2020-03-04T21:56:30+00:00,131,1821,4871,-1
"リスナー魅了集団ホロライブ
　　　　　　

(音あり)問題のシーンはこちら
https://youtu.be/ZL287oa1Fr0?t=530…

MANGA：久家 健史郎（
@imokenpi0916
）",,2020-03-04T09:00:00+00:00,46,2241,7265,-1
"【お詫びとお知らせ】
いつも応援頂きありがとうございます。

BOOTHのバレンタインボイスですが、現在は正常に購入することが可能となっております。

現在、多数のお問い合わせを頂いておりますが、順次返答中でございます。ご不便をお掛けし誠に申し訳ございませんが、何卒ご了承くださいませ。",,2020-03-04T08:00:02+00:00,0,187,863,-1
"【プレゼント受付のお知らせ】
いつもご声援ありがとうございます。
プレゼントの受付を下記日程にて行います。

＜星街すいせい＞
3月6日～3月13日

＜ホロライブ4期生＞
3月9日～3月13日

＜不知火フレア＞
3月16日～3月23日

※要項については下記をご参考ください。",,2020-03-04T03:40:18+00:00,7,777,1899,-1
"いよいよ本日、 #ときのそら ミニアルバム『My Loving』発売日です！

#ときのそら の“大好き”がふんだんに詰め込まれた全6曲が収録、
初回限定盤には伝説のときのそらワンマンライブ『Dream!』Blu-rayも付いてきます！

▼リリース情報一式はココ！
https://prtimes.jp/main/html/rd/p/000000230.000030268.html…

#MyLoving聴いたよ",#ときのそら #ときのそら #MyLoving聴いたよ,2020-03-04T03:00:00+00:00,0,392,932,-1
"3月4日水曜日
おはようございます！ #おはようホロライブ  です。

ときのそら
ミニアルバム『My Loving』発売！

全曲トレーラー
https://youtu.be/Ai4dXfgfb5I

特設サイトはこちら",#おはようホロライブ,2020-03-03T21:30:00+00:00,164,1699,4271,-1
"花咲みやび誕生日記念ボイス 販売開始
全部セットをご購入いただくと、「購入ありがとう！ボイス」などのEXボイスを聞くことができます！

販売ページはこちら↓
https://hololive.booth.pm/items/1869449

#花咲みやび #ホロスターズ",#花咲みやび #ホロスターズ,2020-03-03T14:26:38+00:00,0,109,329,-1
"【メンテナンス終了のお知らせ】
ストア反映の遅延により延長しておりましたメンテナンス作業が完了しました。
ご協力いただき誠にありがとうございました。
#ホロライブプロダクション",#ホロライブプロダクション,2020-03-03T10:56:17+00:00,2,77,404,-1
"【メンテナンス延長のお知らせ】
本日17:00終了を予定しておりましたが、ストアへの反映に時間を要しており延長させていただきます。ご迷惑をおかけして大変申し訳ございません。メンテナンス終了まで今しばらくお待ちください。
※ダウンロード済みのキャラクターは呼び出すことができます

#ホロリー",#ホロリー,2020-03-03T08:25:19+00:00,5,180,1046,-1
"3月3日火曜日
おはようございます！  #おはようホロライブ です。

所属タレントの配信スケジュールはこちら
https://schedule.hololive.tv

ホロライブ歌ってみたリスト更新
https://youtube.com/playlist?list=PL1NeGg1woXqlISJkxjgwHKgB8LmR7tk92…

それでは今日もホロライブをよろしくお願いします！",#おはようホロライブ,2020-03-02T21:30:06+00:00,132,1785,4589,-1
"【お知らせ】
弊社にて販売しているグッズ類について、中古取扱店を中心に一部「公認」と自称する店舗がございますが、弊社より公式で取扱いをお願いしているショップおよび企業以外は、公認店舗として認めておりません。

予めご理解いただけますよう、よろしくお願い申し上げます。",,2020-03-02T11:04:25+00:00,24,2580,5229,-1
"【メンテナンス予告】
明日3月3日（火）13:00～17:00 にて「#ホロリー」のメンテナンスを実施いたします。ご不便をおかけいたしますが、何卒ご協力お願いいたします。

※状況によりメンテナンス開始・終了時間が前後する場合がございます。

#ホロライブプロダクション",#ホロリー #ホロライブプロダクション,2020-03-02T10:04:00+00:00,8,215,859,-1
"3月2日月曜日
おはようございます！ #おはようホロライブ です。
今週のおはホロはもちろん！星街すいせいです！！

 #星街すいせい3D 全編ライブ
https://youtu.be/FZnG1t34wCs?t=90…

 #ホロぐら 猫と兎の物語
https://youtu.be/vT19X_tTM2U

それでは今週もホロライブをよろしくお願いします！",#おはようホロライブ #星街すいせい3D #ホロぐら,2020-03-01T21:33:03+00:00,226,2775,7041,-1
"【お知らせ】
21時より星街すいせい3Dお披露目配信がスタート！
全編ライブ仕様となるお披露目配信をぜひご覧ください

本日のライブ開場
https://youtu.be/FZnG1t34wCs

#星街すいせい3D",#星街すいせい3D,2020-03-01T12:00:06+00:00,2,682,1508,-1
"【#ホロぐら 更新】

迷子の少女たち。
アテがないのでとりあえず通行人を頼ることにしたのだが……

#ホロライブ 所属VTuberの3Dアニメ「ホロのぐらふぃてぃ」公開
感想は #ホロぐら でお待ちしております

本編はコチラ
https://youtu.be/vT19X_tTM2U",#ホロぐら #ホロライブ #ホロぐら  ,2020-03-01T09:01:04+00:00,12,1864,4819,-1
"3月1日日曜日
おはようございます！#おはようホロライブ です。

　　　　　

星街すいせい

3Dお披露目生放送ライブ

21:00~　　集合！！！",#おはようホロライブ,2020-02-29T21:30:00+00:00,72,1073,2887,-1
"迷子の #兎田ぺこら をからかって遊ぶ　#猫又おかゆ 
二人は無事に目的地へと辿り着けるのか！？

#ホロライブ 所属VTuberの3Dアニメ「ホロのぐらふぃてぃ」第43話は明日、3/1の夜ごろ公開

#宝鐘マリン 初登場！な前回
https://youtu.be/9-cmxJQG4t4

#ホロぐら",#兎田ぺこら #猫又おかゆ #ホロライブ #宝鐘マリン #ホロぐら,2020-02-29T12:00:09+00:00,28,988,3004,-1
"2月29日土曜日
おはようございます！ #おはようホロライブ です。

#ホロアトレ2020　本日最終日

夜にはラッピング撤去

写真を撮る最後のチャンス

【ホロライブ】お出かけしてきました",#おはようホロライブ #ホロアトレ2020,2020-02-28T21:46:27+00:00,69,990,2580,-1
"2月28日金曜日
おはようございます！ #おはようホロライブ です。

本日19:00~
ホロライブのアイドルが集まってカラオケをしたらこうなる、略して #ホロドルカラオケ を放送

放送ページはこちら
https://youtube.com/watch?v=rbkjVA6Fjh0…

それでは今日もホロライブをよろしくお願いします！",#おはようホロライブ #ホロドルカラオケ,2020-02-27T22:03:28+00:00,101,1262,3437,-1
" #白銀ノエル & #不知火フレア
ご視聴および早速「2020ここは行くべき14都県」でのツイートありがとうございます！
リスナーの皆様も魅力の発信にご協力いただき嬉しいです。

(追伸)
弁天岩、日本海が穏やかだったので安心して登ることが行くことができました。地球にありがとう",#白銀ノエル #不知火フレア,2020-02-27T13:01:04+00:00,22,385,1365,-1
"＜スケジュール＞
■第1部＜19:00～20:00＞
白上フブキ　宝鐘マリン　天音かなた

■第2部＜20:00～21:00＞
百鬼あやめ　星街すいせい　角巻わため　常闇トワ

■niconico会員限定アフタートーク＜21:00～22:00＞
白上フブキ　宝鐘マリン　天音かなた　百鬼あやめ　星街すいせい　角巻わため　常闇トワ",,2020-02-27T12:00:36+00:00,0,525,1245,-1
"【お知らせ】
ホロライブのアイドルが集まってカラオケをしたらこうなる、略して #ホロドルカラオケ を放送いたします

■放送日時：2月28日（金）
■YouTube放送ページ
　https://youtu.be/rbkjVA6Fjh0
■公式チャンネル会員限定アフタートーク
　https://live2.nicovideo.jp/watch/lv324522095…

＜出演タレントは以下＞",#ホロドルカラオケ,2020-02-27T12:00:36+00:00,40,2185,4697,-1
"【♬ #SorAZ お知らせ♬】

3/4発売 #ときのそら ミニアルバム『My Loving』収録曲かつ、 #AZKi がゲスト歌唱参加した「刹那ティックコード」MV公開！
https://youtu.be/tiTnyZ5QLao

疾走感とエモさ溢れる #SorAZ ワールドの新境地がここに！

▼『My Loving』の詳細はココ！
https://prtimes.jp/main/html/rd/p/000000229.000030268.html…",#SorAZ #ときのそら #AZKi #SorAZ,2020-02-27T12:00:00+00:00,0,350,800,-1
"【お知らせ】
「#星街すいせい」の3Dモデルお披露目放送を、2020年3月1日（日）21時よりYouTubeチャンネルにて実施することをお知らせいたします。

詳細はコチラ
https://prtimes.jp/main/html/rd/p/000000228.000030268.html…

#ホロライブプロダクション",#星街すいせい #ホロライブプロダクション,2020-02-27T02:04:27+00:00,7,1929,4378,-1
"2月27日木曜日
おはようございます！ #おはようホロライブ です。

星街すいせい 3Dお披露目放送 3/1 21:00~

 #ホロアトレ2020 いよいよ今週末29日まで！
たくさん写真は撮っていただけましたか？？

それでは今日もホロライブをよろしくお願いします！",#おはようホロライブ #ホロアトレ2020,2020-02-26T21:29:27+00:00,76,1228,3288,-1
"【ホロライブ公式新曲 おさらい】

1/24 #とまらないホロライブ でお披露目した2曲を
再び皆さんの元に…！

 #夢見る空へ 
配信リンク : https://linkco.re/qdMuYfdc
PV : https://youtu.be/mE_Q5vam910

 #キラメキライダー 
配信リンク : ",#とまらないホロライブ #夢見る空へ #キラメキライダー,2020-02-26T02:55:00+00:00,0,563,1544,-1
"2月26日水曜日
おはようございます！ #おはようホロライブ です。

所属タレントの配信スケジュールはこちら
https://schedule.hololive.tv

所属タレントのご近所問題はこちら
https://youtu.be/LoCB5lC7Iu4

本日夜、ホロライブARK洞窟再攻略

それでは今日もホロライブをよろしくお願いします！",#おはようホロライブ,2020-02-25T21:30:00+00:00,108,1180,2942,-1
"動画投稿しました

〜あらすじ〜
紫咲シオン、あなたを日照権侵害の容疑で訴えます！
理由はもちろんお分かりですね？あなたがこんな立派な家を立てて、湊あくあの日照権を奪ったからです！

https://youtu.be/LoCB5lC7Iu4

#ホロライブ #湊あくあ #紫咲シオン #マイクラホロ鯖",#ホロライブ #湊あくあ #紫咲シオン #マイクラホロ鯖,2020-02-25T09:00:00+00:00,70,1345,3473,-1
"ホロライブ公式新曲「キラメキライダー☆」配信中
http://linkco.re/R5F56y0b

／
あなたの #キラメキライダー☆
ここ好きポイントはどこから？
＼

歌詞付きPV公開中
https://youtu.be/0o3VrBLh8jI

※「夢見る空へ」配信中！",#キラメキライダー,2020-02-25T02:55:00+00:00,1,506,1308,-1
"2月25日火曜日
おはようございます！ #おはようホロライブ です。

花粉が

やばいですね

運営のくしゃみは助からない

18:00~ YouTubeチャンネルで動画公開　

それでは今日もホロライブをよろしくお願いします！",#おはようホロライブ,2020-02-24T21:30:00+00:00,122,1296,3635,-1
"『白銀ノエル 登録者20万人記念ボイス』販売開始！

特典付き全部セットを4/1(水) 12:00までにご購入の方には、「わたお先生描き下ろしクッション」「直筆サイン入りポストカード」など豪華景品がついてきます！！

販売ページはこちら↓
https://hololive.booth.pm/items/1857427

#白銀ノエル #ホロライブ",#白銀ノエル #ホロライブ,2020-02-24T12:03:02+00:00,25,1133,2582,-1
"【 P V 解 禁 】 
本日リリース！
ホロライブ公式新曲「キラメキライダー☆」歌詞付きPV公開！
PV→ https://youtu.be/0o3VrBLh8jI
配信リンク→ https://linkco.re/R5F56y0b

／
生まれたてのドキドキを響かせよう
最高の時間　最高の仲間と　
キラメキに乗って☆
（イェーイ）
＼",,2020-02-24T09:00:00+00:00,13,1308,2802,-1
"【フォロー&RTで応募】

ホロライブ公式新曲「 #キラメキライダー☆ 」本日リリース！
プレゼント企画開催

▼ #キラメキライダー☆ 本日配信開始
https://linkco.re/R5F56y0b

▼ #キラメキライダー☆ 本日18時PV公開
https://youtube.com/watch?v=0o3VrBLh8jI…

▼ ",#キラメキライダー #キラメキライダー #キラメキライダー ,2020-02-24T03:00:00+00:00,70,6909,5015,-1
"2月24日月曜日
おはようございます！ #おはようホロライブ です。
今週は高性能でおなじみのプレゼンター！

 #キラメキライダー☆ 配信開始
https://linkco.re/R5F56y0b

それでは今日もホロライブをよろしくお願いします！",#おはようホロライブ #キラメキライダー,2020-02-23T22:13:49+00:00,95,1335,3378,-1
"明日2/24、いよいよホロライブ公式新曲「 #キラメキライダー☆ 」がリリースされます。

1/24 #とまらないホロライブ で初お披露目してから早1ヶ月。
あと2時間後には再び皆さんの元へ届けられる事を嬉しく思います。
皆さんの感想が楽しみです！待ってます！

配信リンク→  https://linkco.re/R5F56y0b",#キラメキライダー #とまらないホロライブ,2020-02-23T13:00:00+00:00,22,1636,4177,-1
"#AZKi 2020年本格始動!
4つの重大発表解禁!

(1)5/16 新宿BLAZEで自身最大規模のワンマンライブ
#AZHOOD 開催決定!FANBOX先行開始!

(2)NEW EP制作決定!

(3) #AZ輪廻 特典CD収録曲デジタルリリース決定!

(4)ゲーム『ジンキ・リザレクション』ED歌唱決定!

▼全詳細はココ！",#AZKi #AZHOOD #AZ輪廻,2020-02-23T11:00:00+00:00,1,784,1395,-1
"【#ホロぐら 初登場】

海賊を目指す女の子 #宝鐘マリン は山へ出かけました。

#ホロライブ 所属VTuberの3Dアニメ「ホロのぐらふぃてぃ」公開
感想は #ホロぐら でお待ちしております

本編はコチラ
https://youtu.be/9-cmxJQG4t4",#ホロぐら #宝鐘マリン #ホロライブ #ホロぐら  ,2020-02-23T09:00:26+00:00,86,2801,7034,-1
"ホロアトレの販売中商品はこちらです！

高性能Tシャツ
パスケース
ホロスターズアクスタ
ホロスターズ缶バッジ
正月アクスタ一部（完売→フブキ　あくあ　すばる　ミオ　おかゆ　ころね　すいせい　るしあ）
ライブTシャツ・トート・タオル（在庫僅少）
ホロのチョコ缶（おしゃフェスグッズ在庫僅少）",,2020-02-23T03:53:55+00:00,4,405,1491,-1
"猫又おかゆ　誕生日記念グッズ販売中！

「有罪」Tシャツ
「勝ち」Tシャツ
ウマウマアクリルキーホルダー

その日の気分で選べる３アイテムを販売中です！

ホロライブプロダクションブース
https://hololive.booth.pm", ,2020-02-23T03:21:48+00:00,3,590,1600,-1
"姫森ルーナ待望の初グッズ 「わからないのらTシャツ」販売開始！
今回、ルーナイトの皆様のために、黒・白・ピンクの3色をご用意いたしました！

黒 https://hololive.booth.pm/items/1848970
白 https://hololive.booth.pm/items/1848950
ピンク https://hololive.booth.pm/items/1848977

#姫森ルーナ #ホロライブ",#姫森ルーナ #ホロライブ,2020-02-23T03:20:46+00:00,39,1027,2397,-1
"2月23日日曜日
おはようございます！ #おはようホロライブ です。

ホロライブ歌ってみたリスト更新
戌神ころね：恋愛裁判
猫又おかゆ：ウミユリ海底譚
https://youtube.com/playlist?list=PL1NeGg1woXqlISJkxjgwHKgB8LmR7tk92…

明日24日0:00 #キラメキライダー☆ 配信開始！
https://linkco.re/R5F56y0b

それでは今日もホロライブをよろしくお",#おはようホロライブ #キラメキライダー,2020-02-22T22:25:16+00:00,142,1581,3758,-1
"ㅤㅤ 

　　　　　　　₍₍⁽⁽▶︎₎₎⁾⁾ 

見て！ホロライブが踊っているよ
かわいいねㅤㅤ 

　　　　　　　₍₍⁽⁽▶︎₎₎⁾⁾ 

みんなが応援してくれるので、ホロライブは止まりません
キラメキライダー☆
イェーイ！",,2020-02-22T13:00:03+00:00,131,1993,5636,-1
"洞窟攻略部隊

#ホロARK1番隊
ココ視点　https://youtu.be/DFHk6C9ch78
フブキ視点　https://youtu.be/q2p8tyW_r7Q

#ホロARK2番隊
ぺこら視点　https://youtu.be/RavUmT399Ls
ロボ子さん視点　https://youtu.be/_EVD-uV2ilw",#ホロARK1番隊 #ホロARK2番隊 ,2020-02-22T12:15:09+00:00,0,567,1043,-1
"#とまらないARK 大型コラボ 21:00~
3グループに分かれて総勢10名以上で洞窟攻略！

洞窟攻略のここがスゴイ

・洞窟の強いボスを倒しに行く！

・道が険しく撮れ高必須！？

・ホロライブのARK廃人が集結！

・ARK初心者リスナーも楽しめる",#とまらないARK,2020-02-22T10:55:11+00:00,17,1054,2318,-1
"#ホロアトレ2020

とある日の開店前。
もしかすると、あなたの推しが遊びに来ていたりして。

▶︎ https://youtu.be/4vJ_SlqrgEc

アトレ秋葉原コラボは2月29日まで開催中です！
ぜひ、ホロライブでいっぱいの空間をお楽しみください。",#ホロアトレ2020,2020-02-22T10:04:21+00:00,100,3024,6894,-1
"ホロアトレ　ホロライブ×秋葉原アトレ

ブラインド缶バッジ　
イベント持ち込み分完売いたしました。

#ホロアトレ2020",#ホロアトレ2020,2020-02-22T08:46:19+00:00,0,127,655,-1
"ホロアトレ　ホロライブ×秋葉原アトレ

13:00より入場券をお持ちでない方も列にお並びいただけます。
待機列が解消次第、フリー入場となります。
お待ちいただきありがとうございました。

#ホロアトレ2020",#ホロアトレ2020,2020-02-22T03:35:03+00:00,0,100,469,-1
"【 #LVS2 】
3/22(日) #AZKi 対バン企画「LAST V STANDiNG vol.2」@秋葉原エンタス 開催！
(ゲスト:エルセとさめのぽき)

本公演のチケット先行は今日23:59まで!
AZKi pixivFANBOX会員限定で受付中!
(*エルセとさめのぽきFANBOXからも応募可!)

▼申し込み/ライブ詳細はココ!",#LVS2 #AZKi,2020-02-22T03:00:00+00:00,0,92,357,-1
"ホロアトレ　ホロライブ×秋葉原アトレ
正月アクスタ　星街すいせい
イベント持込分完売いたしました。
#ホロアトレ2020",#ホロアトレ2020,2020-02-22T02:55:10+00:00,4,229,711,-1
"ホロアトレホロライブ×秋葉原アトレ

冬コミで展示したアイドル衣装のPOPを「アトレ秋葉原２」で展示しております。
是非、アトレ秋葉原２にもお越しください！

アトレ秋葉原２はヨドバシカメラの側です。

アトレ秋葉原１・２を繋ぐルート
https://atre.co.jp/store/akihabara/parking/…",,2020-02-22T02:52:35+00:00,1,436,1265,-1
"ホロライブ×秋葉原アトレ

本日は来場者多数のため、物販会場は入場規制を行います。整理券をお持ちの方以外は、物販会場に入場できませんのでご了承ください。

尚、フリー入場は13:30～14;00ごろを見込んでいます。

#ホロアトレ2020",#ホロアトレ2020,2020-02-22T00:43:03+00:00,3,243,854,-1
"2月22日土曜日
おはようございます！ #おはようホロライブ です。

猫又おかゆ 誕生日

#ホロアトレ2020 新商品追加情報

ホロスターズ　アクリルスタンド
ホロスターズ　冬コミ缶バッジセット再販
高性能Tシャツ

それでは今日もホロライブをよろしくお願いします！",#おはようホロライブ #ホロアトレ2020,2020-02-21T21:30:00+00:00,132,1546,4000,-1
"【♬お知らせ♬】

3/4発売 #ときのそら ミニアルバム『My Loving』
初回限定盤特典Blu-rayの中身は…！

昨年開催された1stワンマンライブ『Dream!』ライブ映像です！
本日ダイジェスト映像公開！あの日の感動を再び…！
https://youtu.be/bfLhNzP6Ads

▼リリース詳細はココ！",#ときのそら,2020-02-21T12:30:00+00:00,0,284,719,-1
"ホロライブ×秋葉原アトレ　開催中！

高性能Tシャツやホロスターズ商品が発売中！
品切れしていたいくつかの商品とオリジナルカードが再入荷！
ホロライブVTuberによる店内放送開始！

連休はホロアトレに集合です！

#ホロアトレ2020
#ホロライブプロダクション",#ホロアトレ2020 #ホロライブプロダクション,2020-02-21T10:56:34+00:00,8,511,1662,-1
"【 #LVS2 】
3/22(日) #AZKi 対バン企画「LAST V STANDiNG vol.2」@秋葉原エンタス 開催！
(ゲスト:エルセとさめのぽき)

本公演のチケット先行は明日23:59まで!
AZKi pixivFANBOX会員限定で受付中!
(*エルセとさめのぽきFANBOXからも応募可!)

▼申し込み/ライブ詳細はココ!",#LVS2 #AZKi,2020-02-21T03:01:00+00:00,0,109,399,-1
"ホロアトレ
高性能Tシャツ　本日分完売いたしました。
高性能Tシャツは明日にも入荷いたします。
#ホロアトレ2020",#ホロアトレ2020,2020-02-21T01:24:49+00:00,16,262,817,-1
"2月21日金曜日
おはようございます！ #おはようホロライブ です。

週末どこ行く？秋葉原！
ホロライブ x アトレ秋葉原 #ホロアトレ2020 開催中

それでは今日もホロライブをよろしくお願いします！",#おはようホロライブ #ホロアトレ2020,2020-02-20T21:30:00+00:00,136,1462,3809,-1
"ホロライブ公式新曲「夢見る空へ」配信中
https://linkco.re/qdMuYfdc

／
あなたの #夢見る空へ 
ここ好きポイントはどこから？
＼

歌詞付きPV公開中
https://youtu.be/mE_Q5vam910

※「キラメキライダー☆」は2/24リリース開始‼︎",#夢見る空へ,2020-02-20T02:55:00+00:00,4,849,2248,-1
"2月20日木曜日
おはようございます！ #おはようホロライブ です。

所属タレントの放送スケジュールが分かる便利なサイト
https://schedule.hololive.tv

それでは今日もホロライブをよろしくお願いします！",#おはようホロライブ,2020-02-19T21:30:00+00:00,123,1263,3199,-1
"【 #ホロアトレ2020 館内放送(2) / BGM編】

館内放送BGMとして下記楽曲がオンエア決定

ホロライブ公式曲「ShinySmilyStory」「キラメキライダー☆」「夢見る空へ」
 #白上フブキ 「Say!ファンファーレ!」
 #アキロゼ 「シャ・ル・イース」
 #AZKi 「ちいさな心が決めたこと」「without U」",#ホロアトレ2020 #白上フブキ #アキロゼ #AZKi,2020-02-19T03:01:00+00:00,3,573,1692,-1
"【 #ホロアトレ2020 館内放送(1) / 参加メンバー編】

今日から館内放送企画開始！
#白上フブキ #アキロゼ #夏色まつり #癒月ちょこ #宝鐘マリン #不知火フレア #姫森ルーナ #桐生ココ が参加！
推しの声がアトレで聴けちゃうチャンス！内容は現地で！

▼館内放送詳細
https://prtimes.jp/main/html/rd/p/000000220.000030268.html…",#ホロアトレ2020 #白上フブキ #アキロゼ #夏色まつり #癒月ちょこ #宝鐘マリン #不知火フレア #姫森ルーナ #桐生ココ,2020-02-19T03:00:00+00:00,3,484,1379,-1
"2月19日水曜日
おはようございます！ #おはようホロライブ です。

ホロライブ バレンタインボイス2020発売中
感想を伝えてあげませんか？？
https://hololive.booth.pm/items/1820133

それでは今日もホロライブをよろしくお願いします！",#おはようホロライブ,2020-02-18T21:30:00+00:00,179,1441,3621,-1
"【虚無Tシャツ】
天音かなた・オリジナルデザインの「虚無Tシャツ」が販売開始！
このTシャツを着れば、天音かなたへのガチ恋をアピールできます！

販売ページはこちら
https://hololive.booth.pm/items/1840464

#天音かなた
#ホロライブプロダクション",#天音かなた #ホロライブプロダクション,2020-02-18T04:05:58+00:00,15,667,1709,-1
"【ガチこいTシャツ】
桐生ココ・オリジナルデザインの「ガチこいTシャツ」が販売開始！
このTシャツを着れば、桐生ココへのガチ恋をアピールできます！

販売ページはこちら
https://hololive.booth.pm/items/1840496

#桐生ココ
#ホロライブプロダクション",#桐生ココ #ホロライブプロダクション,2020-02-18T04:05:15+00:00,5,384,977,-1
"【  #ホロアトレ2020 お役立ち情報 】

明日から始まる館内放送では、先日リリースされたホロライブ公式新曲「 #夢見る空へ 」 は勿論、2/24リリース「 #キラメキライダー☆ 」が先行して流れます！

▼館内放送詳細
https://prtimes.jp/main/html/rd/p/000000220.000030268.html…

▼ホロライブ公式新曲詳細",#ホロアトレ2020 #夢見る空へ #キラメキライダー,2020-02-18T03:00:00+00:00,4,427,1149,-1
"2月18日火曜日
おはようございます！ #おはようホロライブ です。

所属タレントの放送スケジュールが分かる便利なサイト
https://schedule.hololive.tv

それでは今日もホロライブをよろしくお願いします！",#おはようホロライブ,2020-02-17T21:30:00+00:00,181,1680,4129,-1
"『アキ・ローゼンタール誕生日記念ボイス2020』販売開始！
今回は、直筆サイン入りポストカードなどの特典に加え、「安曇アキタケ先生描き下ろし アキロゼバースデーSpecialアクリルクロック」も販売！
締切は3/17(火)12:00まで！

販売ページはこちら↓
https://hololive.booth.pm/items/1836440

#アキロゼ生誕祭",#アキロゼ生誕祭,2020-02-17T13:30:02+00:00,1,429,1160,-1
"【TV放送決定】
今週2月21日(金)23:30〜BS日テレで放送予定の『てぇてぇTV』にて、1/24 hololive 1st fes.『ノンストップ・ストーリー』の模様(一部)が紹介されます！
まだまだ #おわらないホロライブ を要チェック！

▼番組HPはココ！
https://bs4.jp/tetete/

#ててて",#おわらないホロライブ #ててて,2020-02-17T09:00:00+00:00,33,1418,3077,-1
"【フォロー&RTで応募】

ホロライブ公式新曲「 #夢見る空へ 」本日リリース！
プレゼント企画開催

▼「 #夢見る空へ 」配信開始
https://linkco.re/qdMuYfdc

▼「 #夢見る空へ 」歌詞付きPV公開
https://youtube.com/watch?v=mE_Q5vam910…

※「",#夢見る空へ #夢見る空へ #夢見る空へ ,2020-02-17T03:00:00+00:00,47,5957,4508,-1
"2月17日月曜日
おはようございます！ #おはようホロライブ です。
今週のプレゼンターはもちろん、3Dお披露目ほやほや #宝鐘マリン です！

アキ・ローゼンタール誕生日

『#夢見る空へ』配信開始
https://linkco.re/qdMuYfdc

それでは今日もホロライブをよろしくお願いします！",#おはようホロライブ #宝鐘マリン #夢見る空へ,2020-02-16T22:00:00+00:00,245,2502,6014,-1
"【予約した？】

ホロライブ公式新曲
iTunesでの予約受付中

▼「 #夢見る空へ 」 (※配信は明日2/17〜!)
https://music.apple.com/jp/album/1498269214?app=itunes…

▼「 #キラメキライダー☆ 」 (※配信は2/24〜!)
https://music.apple.com/jp/album/1498295404?app=itunes…

▼「夢見る空へ」歌詞付きPV公開中！",#夢見る空へ #キラメキライダー,2020-02-16T09:00:00+00:00,6,513,1320,-1
"今日は #秋葉原でホロライブ !
 #ホロアトレ2020
 #おしゃフェス
 #ときのそら 写真集『そらびより』記念イベント

イベントの待ち時間に、明日リリースされる「 #夢見る空へ 」先行歌詞付きPVを見てはいかがでしょうか！
https://youtu.be/mE_Q5vam910

皆さんの #ホロライフ が良いものになりますように！",#秋葉原でホロライブ #ホロアトレ2020 #おしゃフェス #ときのそら #夢見る空へ #ホロライフ,2020-02-16T03:00:00+00:00,0,502,1414,-1
"本日はPANORA様主催の「VTuberおしゃべりフェス on バレンタイン ホロライブ編」が開催されます

あいにくの雨となり、ご参加頂く皆様にはご不便おかけ致しますが、物販や弊社タレントとの会話を存分にお楽しみくださいませ

【アクセスなど詳細はこちら】
https://panora.tokyo/archives/4866

#しゃべフェス",#しゃべフェス,2020-02-16T02:53:18+00:00,0,270,852,-1
"ホロライブ×アトレ秋葉原　

2月16日（日）は開店よりフリー入場となります。
混雑した場合列形成を行う場合がございます。
ご了承ください。

尚、明日2月17日（月）は全館休館となります。
ホロアトレ・ポップアップショップも休業となりますのでご注意ください。

#ホロアトレ2020",#ホロアトレ2020,2020-02-16T00:23:46+00:00,0,269,913,-1
"2月16日日曜日
おはようございます！ #おはようホロライブ です。

 #ホロアトレ2020 大好評開催中 
明日17日はアトレ秋葉原休館日のため休業です

おしゃべりフェス 参加者の手引
https://panora.tokyo/archives/4866

それでは今日もホロライブをよろしくお願いします！",#おはようホロライブ #ホロアトレ2020,2020-02-15T21:55:54+00:00,60,953,2453,-1
"#湊あくあ はとある願いを叶えるために、仲間とお出かけ。

#ホロライブ 所属VTuberの3Dアニメ「ホロのぐらふぃてぃ」第41話は明日、2/16の夜ごろ公開
スパイだらけな前回
https://youtu.be/vPgie-tpVHU

#ホロぐら",#湊あくあ #ホロライブ #ホロぐら,2020-02-15T12:00:04+00:00,119,1090,3223,-1
"ホロアトレ完売状況　更新

★アクリルスタンドセット４（あくあ、シオン、あやめ、ちょこ、スバル）
ブラインド缶バッジ
パスケース（白上フブキ）
ノンストップTシャツ黒（M、Lサイズ）
アクリルスタンドセット５（３期生）
アクリルスタンドセット２（ゲーマーズ）
アクリルパネル",,2020-02-15T10:30:30+00:00,0,115,425,-1
"ホロアトレ完売状況　更新

★ブラインド缶バッジ
★パスケース（白上フブキ）
★ノンストップTシャツ黒（M、Lサイズ）
アクリルスタンドセット５（３期生セット）
アクリルスタンドセット２（フブキ・ミオ・おかゆ・ころね）
アクリルパネル

#ホロアトレ2020",#ホロアトレ2020,2020-02-15T10:12:45+00:00,2,142,473,-1
"【 #LVS2 】
3/22(日) #AZKi 対バン企画「LAST V STANDiNG vol.2」@秋葉原エンタス 開催！
(ゲスト:エルセとさめのぽき)

本公演のチケット先行(抽選)がAZKi pixivFANBOX会員限定で今日から開始！
(*エルセとさめのぽきpixiv FANBOXからも応募可!)

▼申し込み/詳細はココ!
https://pixiv.net/fanbox/creator/46440607/post/830233…",#LVS2 #AZKi,2020-02-15T10:00:00+00:00,0,168,528,-1
"ホロアトレ完売状況　更新

★アクリルスタンドセット５（３期生セット）
アクリルスタンドセット２（フブキ・ミオ・おかゆ・ころね）
アクリルパネル

#ホロアトレ2020",#ホロアトレ2020,2020-02-15T08:57:44+00:00,1,105,383,-1
"【誕生日プレゼント受付期間のお知らせ】
いつもご声援ありがとうございます。
誕生日プレゼントの受付を下記日程にて行います。

【花咲みやび】
受付期間：2月17日～2月24日

【さくらみこ】
受付期間：2月17日～2月28日

要項については下記をご参考ください。",,2020-02-15T08:53:13+00:00,2,325,967,-1
"ホロアトレ完売状況

以下の商品がイベント持ち込み分完売です。

アクリルスタンドセット２（フブキ・ミオ・おかゆ・ころね）
アクリルパネル

#ホロアトレ2020",#ホロアトレ2020,2020-02-15T07:46:04+00:00,3,203,686,-1
"ホロアトレ販売状況

アクリルパネルはイベント持ち込み分を完売いたしました。

#ホロアトレ2020",#ホロアトレ2020,2020-02-15T05:24:17+00:00,2,193,755,-1
"今日から秋葉原アトレで #ホロアトレ2020 開幕！
一部エリアで「 #夢見る空へ 」 「 #キラメキライダー☆ 」ポスターが設置されてます！詳細は現地でチェック！

▼「 #夢見る空へ 」「 #キラメキライダー☆ 」予約受付中！
https://music.apple.com/jp/album/1498269214?app=itunes…
https://music.apple.com/jp/album/1498295404?app=itunes…",#ホロアトレ2020 #夢見る空へ #キラメキライダー #夢見る空へ #キラメキライダー,2020-02-15T03:00:00+00:00,0,437,1149,-1
"2月15日土曜日
おはようございます！ #おはようホロライブ です。

宝鐘マリン 3Dお披露目 20:00~

アトレ秋葉原コラボ #ホロアトレ2020 開始

夢見る空へ, キラメキライダー☆ iTunes予約開始

バレンタインボイス2020発売中

それでは今日もホロライブをよろしくお願いします！",#おはようホロライブ #ホロアトレ2020,2020-02-14T22:00:00+00:00,66,1108,2858,-1
"【注意喚起】
いつもホロライブを応援頂きありがとうございます。今週末はVTuber関連イベントが多数ございますが、コロナウイルスやインフルエンザ等の感染や拡散を予防するため、会場では体調管理にご注意頂きつつ、マスク着用やこまめな手洗いなど、ご協力のほど何卒よろしくお願いいたします。",,2020-02-14T15:25:03+00:00,58,1180,3317,-1
"【予 約 開 始】

只今より、
ホロライブ公式新曲iTunesでの予約開始

▼「 #夢見る空へ 」 
https://music.apple.com/jp/album/1498269214?app=itunes…

▼「 #キラメキライダー☆ 」
https://music.apple.com/jp/album/1498295404?app=itunes…

▼「夢見る空へ」歌詞付きPV公開中！",#夢見る空へ #キラメキライダー,2020-02-14T15:00:00+00:00,4,852,1937,-1
"【ホロライブ×アトレのご注意】
2月15日（土）は、朝9:00より整理券を配布いたします。また、以下の商品は21日（金）からの販売となります。申し訳ございませんが、予めご了承下さい。

・高性能Tシャツ全種
・ホロスターズアクリルスタンド全種
・ホロスタコミケ缶バッジ【追加】

#ホロアトレ2020",#ホロアトレ2020,2020-02-14T11:23:37+00:00,4,303,906,-1
"【※ 補足 ※】
「ホロスターズアクリルスタンド」および「ロボ子さん高性能Tシャツ」はコラボ後半（2月21日（金）予定）より販売開始いたします。

ご了承の程、よろしくお願い申し上げます。",,2020-02-14T10:26:40+00:00,2,179,580,-1
"【お知らせ】
大変お待たせいたしました。「アトレ秋葉原」におけるコラボ企画に関して、商品情報を公開いたしました 
その他、新情報の詳細は下記をご覧ください

詳細はコチラ
https://prtimes.jp/main/html/rd/p/000000220.000030268.html…

#ホロアトレ2020
#ホロライブプロダクション",#ホロアトレ2020 #ホロライブプロダクション,2020-02-14T10:13:35+00:00,44,2240,3646,-1
「Hololive・情人节音声　2020」中「湊-阿库娅」因为种种个人原因无法出演。请各位预先知悉。,,2020-02-14T09:20:08+00:00,3,14,114,-1
"♡Happy Valentine♡
「Hololive情人节音声2020」开始贩卖啦！
Hololive所属的VTuber只为了你所录下的情人节音声！
并且附赠特制电子贺卡(情人节仕样)哦！

贩卖主页在这里↓
英語:https://geekjack.net/cover_valentine_sp/language/en…
中文:https://geekjack.net/cover_valentine_sp/language/zh-TW…

#Hololive",#Hololive,2020-02-14T09:20:08+00:00,1,85,439,-1
"【 情 報 解 禁 】 

ホロライブ全体新曲 2月中リリース決定
2/17「 #夢見る空へ 」
2/24「 #キラメキライダー☆ 」

▼「夢見る空へ」歌詞付きPV公開!
https://youtu.be/mE_Q5vam910

▼両曲配信リンク等、詳細はココ！先行予約は明日からiTunesで開始!",#夢見る空へ #キラメキライダー ,2020-02-14T09:00:01+00:00,251,3466,6026,-1
「ホロライブ・バレンタインボイス　2020」に「湊あくあ」は諸事情により出演しておりません。予めご了承ください。,,2020-02-14T08:34:20+00:00,9,131,635,-1
"【お知らせ】
「ホロライブ」所属VTuberの「バレンタインボイス2020」を、本日17時30分より販売開始いたしました

詳細はコチラ
https://prtimes.jp/main/html/rd/p/000000224.000030268.html…

#ホロライブプロダクション",#ホロライブプロダクション,2020-02-14T08:32:38+00:00,15,933,1955,-1
（´-`）.｡oO（きこえますか… 今日18:00、ホロライブから嬉しいお知らせがあるそうですよ！……ホロライブ公式Twitter、ホロライブ公式YouTubeをチェックしてくださいね……！),,2020-02-14T03:00:00+00:00,148,1537,4356,-1
"【 #SorAZ ライブ出演】
明日2/15(土)ポートメッセ名古屋第一展示館にて開催の
アニゲーフェス 
@anigafes
 VTuberステージに #ときのそら #AZKi が出演！
当日は”あの曲”の初披露もある……かも……！

▼チケットなど詳細はココ！
https://tokai-tv.com/agefes/c-vtuber.html…

#アニゲーフェス",#SorAZ #ときのそら #AZKi #アニゲーフェス,2020-02-14T02:50:00+00:00,1,212,611,-1
"【お知らせ】
VTuberアイドル #ときのそら、初の写真集『ときのそら 1st 写真集 そらびより』、本日2020年2月14日発売開始！

詳細はこちら
https://prtimes.jp/main/html/rd/p/000000223.000030268.html…

#ホロライブプロダクション",#ときのそら #ホロライブプロダクション,2020-02-14T02:08:28+00:00,0,471,1272,-1
"2月14日金曜日
おはようございます！ #おはようホロライブ です。

癒月ちょこ誕生日 記念ボイス発売中

「ホロライブ バレンタインボイス2020」本日発売！

ときのそら1st写真集「 #そらびより 」本日発売！

それでは今日もホロライブをよろしくお願いします！",#おはようホロライブ #そらびより,2020-02-13T22:45:52+00:00,92,1167,3060,-1
"【 #おわらないホロライブ 】
エビテンニュータイプ アニメマーケットにて、
1/24開催「hololive 1st fes. ノンストップ・ストーリー」 #とまらないホロライブ 全グッズが販売中！

お買い逃がしの無いようお気を付けください！

販売ページはこちら↓
https://ebten.jp/newtype/1451",#おわらないホロライブ #とまらないホロライブ,2020-02-13T13:00:01+00:00,2,271,804,-1
「ホロライブ バレンタインボイス 2020」に「湊あくあ」は諸事情により出演しておりません。予めご了承ください。,,2020-02-13T10:09:38+00:00,80,369,1223,-1
"♡Happy Valentine♡
「ホロライブ バレンタインボイス2020」2月14日発売！
ホロライブ所属VTuberが、あなたの為だけに録り下ろしたバレンタインボイスです！
特製デジタルカードもついてきます！

#ホロライブ",#ホロライブ,2020-02-13T10:09:37+00:00,89,2518,5621,-1
"HAPPY BIRTHDAY
「癒月ちょこ 誕生日記念ボイス」が本日21時発売！
3/12(木)12時までに特典付き全部セットをご購入の方には、サイン入りポストカードと耳舐めASMRボイスがついてきます！！！

販売ページはこちら↓（発売開始まで繋がりません）
https://hololive.booth.pm/items/1831714

#癒月ちょこ #ホロライブ",#癒月ちょこ #ホロライブ,2020-02-13T10:07:35+00:00,1,452,1123,-1
"2月13日木曜日
おはようございます！ #おはようホロライブ です。

本日新曲追加！
リズムゲーム『WACCA』で
「Shiny Smily Story」
「Dream☆Story」
「without U」
の3曲が遊べるようになります！

それでは今日もホロライブをよろしくお願いします！",#おはようホロライブ,2020-02-12T22:01:57+00:00,94,1269,3174,-1
"【プレゼントに関する重要なお知らせ】
「#ホロライブプロダクション」所属タレント宛へのプレゼントの送付ありがとうございます。

本日プレゼント規約を改定させていただきました。
プレゼントの送付前に下記サイトを今一度ご確認くださいませ。

詳細はコチラ",#ホロライブプロダクション,2020-02-12T07:24:46+00:00,15,1006,2135,-1
"【お知らせ】
「#宝鐘マリン」の3Dモデルお披露目放送を、2020年2月15日（土）20時より本人のYouTubeチャンネルにて実施いたします

詳細はコチラ
https://prtimes.jp/main/html/rd/p/000000218.000030268.html…

#ホロライブ
#ホロライブプロダクション",#宝鐘マリン #ホロライブ #ホロライブプロダクション,2020-02-12T02:03:23+00:00,25,1696,4194,-1
"2月12日水曜日
おはようございます！ #おはようホロライブ です。

　　　　　　

宝鐘マリン 3Dお披露目生放送
2月15日(土) 20:00~

必見！！！！！",#おはようホロライブ,2020-02-11T22:00:00+00:00,104,1296,3523,-1
"2月11日火曜日
おはようございます！ #おはようホロライブ です。

タレントの放送予定が分かるサイト『ホロジュール』
https://schedule.hololive.tv

それでは今日もホロライブをよろしくお願いします！",#おはようホロライブ,2020-02-10T22:37:08+00:00,79,997,2646,-1
"【 登録者数20万人突破 】
この度、YouTubeのホロライブ公式チャンネルが20万人突破致しました いつもご声援頂き誠にありがとうございます

アトレコラボやおしゃべりフェスなどイベント盛りだくさんで進行しておりますので、今後とも「ホロライブ」をよろしくお願い致します。

#ホロライブ",#ホロライブ,2020-02-10T11:00:12+00:00,269,1477,4836,-1
"2月10日月曜日
おはようございます！ #おはようホロライブ です。

ラゾーナ川崎x AR謎解き x ホロライブ開催中
https://spwn.jp/events/200206-nazotoki-holo…

昨日更新 #ホロぐら 『ころね国王』
https://youtu.be/vPgie-tpVHU

それでは今日もホロライブをよろしくお願いします！",#おはようホロライブ #ホロぐら,2020-02-09T21:30:00+00:00,84,1211,3127,-1
" #とまらないホロライブ 最終同時視聴放送中！

ソロパートからユニットパートへと入ります

裏　話　で　た　い　へ　ん　盛　り　上　が　っ　て　お　り　ま　す

放送ページはこちら
https://youtu.be/V7zXmhLLV0U",#とまらないホロライブ,2020-02-09T10:41:53+00:00,2,246,895,-1
"【ショートアニメ更新】

国王になったことありますか？
#戌神ころね はなりました

#ホロライブ 所属VTuberの3Dアニメ「ホロのぐらふぃてぃ」公開
感想は #ホロぐら でお待ちしております

本編はコチラ
https://youtu.be/vPgie-tpVHU",#戌神ころね #ホロライブ #ホロぐら     ,2020-02-09T09:00:30+00:00,12,1975,5080,-1
"18:00~ #とまらないホロライブ 見納め！

hololive 1st fes. 『ノンストップ・ストーリー』

【これが最後の機会】チケット持っている人全員集合！

たくさんの #とまらないホロライブここ好き ありがとうございます！

放送ページはこちら
https://youtube.com/watch?v=V7zXmhLLV0U…",#とまらないホロライブ #とまらないホロライブここ好き ,2020-02-09T08:04:33+00:00,0,364,929,-1
"【今日まで！プレゼント企画実施中】

1/24 #とまらないホロライブ ニコ生視聴チケット購入者を対象に、抽選で合計30名様に公演ポスターをプレゼント
チケット購入は2/9 23:59まで！

▼視聴チケット購入・企画詳細はこちら
 https://secure.live.nicovideo.jp/event/nonstop_hololive…

#おわらないホロライブ",#とまらないホロライブ #おわらないホロライブ,2020-02-09T03:00:00+00:00,0,288,805,-1
"2月9日日曜日
おはようございます！ #おはようホロライブ です。

配信チケット持っているかた全員集合
18:00〜 夏色まつりch.で #とまらないホロライブ 同時視聴放送！
https://youtu.be/V7zXmhLLV0U

#とまらないホロライブここ好き 募集中です！！
それでは今日もホロライブをよろしくお願いしま",#おはようホロライブ #とまらないホロライブ #とまらないホロライブここ好き,2020-02-08T22:17:23+00:00,81,1294,3331,-1
"【明日まで！プレゼント企画実施中】

1/24 #とまらないホロライブ ニコ生視聴チケット購入者を対象に、抽選で合計30名様に公演ポスターをプレゼント
チケット購入は2/9 23:59まで！

▼視聴チケット購入・企画詳細はこちら
 https://secure.live.nicovideo.jp/event/nonstop_hololive…

#おわらないホロライブ",#とまらないホロライブ #おわらないホロライブ,2020-02-08T13:00:00+00:00,0,246,757,-1
"ホロライブの事務所では、いつも誰かが企んでいる。

#ホロライブ 所属VTuberの3Dアニメ「ホロのぐらふぃてぃ」第40話は明日、2/9の夜ごろ公開

テーマは爆発、の前回
https://youtu.be/rkdPOhUxYFg

#猫又おかゆ",#ホロライブ #猫又おかゆ,2020-02-08T12:00:03+00:00,93,1308,4269,-1
"【お知らせ】
これで見納め !1/24 #とまらないホロライブ 同時視聴放送決定!
放送迄に皆さんの #とまらないホロライブここ好き パート教えて下さい!

▼2/9 18:00〜 #夏色まつり CHで開始!
https://youtu.be/V7zXmhLLV0U

▼2/9までネットチケット発売!
https://secure.live.nicovideo.jp/event/nonstop_hololive…",#とまらないホロライブ #とまらないホロライブここ好き #夏色まつり ,2020-02-08T11:00:00+00:00,21,828,1825,-1
"【コラボ決定】
リズムゲームWACCA 
@WACCA_official
 とホロライブプロダクションコラボ決定！2/13から以下3曲が遊べます！(VIPメンバーは2/12から！)

ホロライブ全体曲「Shiny Smily Story」
 #ときのそら 「Dream☆Story」
 #AZKi 「without U」

▼詳細はココ
https://wacca.marv.jp",#ときのそら #AZKi,2020-02-08T07:00:00+00:00,49,1932,3224,-1
"【 #おわらないホロライブ 】
エビテンニュータイプ アニメマーケットにて、
1/24開催「hololive 1st fes. ノンストップ・ストーリー」 #とまらないホロライブ 全グッズが販売中！

お買い逃がしの無いようお気を付けください！

販売ページはこちら↓
https://ebten.jp/newtype/1451",#おわらないホロライブ #とまらないホロライブ,2020-02-08T02:59:00+00:00,4,365,940,-1
"2月8日土曜日
おはようございます！ #おはようホロライブ です。

ラゾーナ川崎x AR謎解き x ホロライブ開催中
https://spwn.jp/events/200206-nazotoki-holo…

ときのそら
JAEPO2020 幕張メッセ マーベラスブース
WACCAスペシャルライブステージ出演

それでは今日もホロライブをよろしくおねがいします！",#おはようホロライブ,2020-02-07T22:27:08+00:00,77,1233,3237,-1
"（´-`）.｡oO（きこえますか… #VTuberライブ上映会 をご覧になった皆さん…1/24 #とまらないホロライブ ニコ生視聴(有料)は2/10まで何度も視聴可能です…！チケット購入は2/9 23:59までですよ…そして今日…お知らせがあるとかないとか…！)

▼チケット
https://live2.nicovideo.jp/watch/lv323506379…

#おわらないライブ",#VTuberライブ上映会 #とまらないホロライブ #おわらないライブ,2020-02-07T15:35:00+00:00,91,1189,2702,-1
"【今日23時〜】

ニコニコ生放送 
@nicolive_PR
 「 #VTuberライブ上映会 」で
「hololive 1st fes. ノンストップ・ストーリー」の一部様子が上映決定
#白上フブキ #夏色まつり もVTR出演します

▼タイムシフト予約はココ
https://live.nicovideo.jp/watch/lv324175005…

#おわらないホロライブ",#VTuberライブ上映会 #白上フブキ #夏色まつり #おわらないホロライブ,2020-02-07T11:00:00+00:00,0,545,1742,-1
"【メンテナンス終了のお知らせ】
15時より実施しておりました #ホロリー のメンテナンスは19時に終了いたしました。
ご協力いただき誠にありがとうございました。
#ホロライブ",#ホロリー #ホロライブ,2020-02-07T10:09:29+00:00,3,79,531,-1
"動画投稿しました

【悲報】運営、ホロライブARKブームに置き去りにされた結果、自分でまとめ動画をつくる

ホロライブARKブームを分かった気になれる動画
https://youtu.be/TbJ7oCjwwI8

#ホロライブ　#とまらないARK　#原始時代のアイドル",#ホロライブ #とまらないARK #原始時代のアイドル,2020-02-07T09:00:00+00:00,137,2645,5622,-1
"【メンテナンス予告】
本日2月7日（金)15:00～19:00 にて「#ホロリー」のメンテナンスを実施いたします。ご不便をおかけいたしますが、何卒ご協力をお願いいたします。
※状況によりメンテナンス開始・終了時間が前後する場合がございます。
#ホロライブプロダクション",#ホロリー #ホロライブプロダクション,2020-02-07T05:44:31+00:00,1,126,576,-1
"2月7日金曜日
おはようございます！ #おはようホロライブ です。

本日から開催の期間限定イベント
『ラゾーナ川崎』x AR謎解き x ホロライブ！
ホロライブからは9名のタレントが参加！

詳しくはこちら
https://spwn.jp/events/200206-nazotoki-holo…

それでは今日もホロライブをよろしくお願いします！",#おはようホロライブ,2020-02-06T21:54:50+00:00,98,1398,3418,-1
"【商品未着について】
「湊あくあカレンダー」は全数発送完了しております。
現在、長期不在のご連絡を複数いただいております。商品が届いていないお客様は、配送状況をご確認いただけますと幸いです。
尚、配送ステータスが「未発送」のままなのはBOOTHの仕様です。よろしくお願い申し上げます。",,2020-02-06T11:31:22+00:00,3,167,752,-1
"2月6日木曜日
おはようございます！ #おはようホロライブ です。

実は皆さん、タレントの素敵な動画に目を奪われてここに書いてある文章読んでないかもしれないですね？

では私から。しりとりの「り」！

それでは今日もホロライブをよろしくお願いします！",#おはようホロライブ,2020-02-05T21:30:00+00:00,153,1529,4180,-1
"2月4日火曜日
おはようございます！ #おはようホロライブ です。

ま　た　あ　れ　ぺ　こ

#しゃべフェス にご当選された方、入金期限は今週末2月7日23:59までです！ 過ぎるとキャンセル扱いになるので、お忘れないようお願いします

それでは今日もホロライブをよろしくお願いします！",#おはようホロライブ #しゃべフェス,2020-02-03T22:11:47+00:00,119,1828,4901,-1
"2月3日月曜日
おはようございます！ #おはようホロライブ です。
まだまだ朝は寒くて布団から出たくありませんね...!!

所属タレントの配信予定はこちらから
https://schedule.hololive.tv

それでは今日もホロライブをよろしくお願いします！",#おはようホロライブ,2020-02-02T22:15:16+00:00,137,1995,4868,-1
"【ショートアニメ更新】

自称天才魔法使いの #紫咲シオン
魔法を使って物事が良い方向に転んだこと、無い。

#ホロライブ 所属VTuberの3Dアニメ「ホロのぐらふぃてぃ」公開
感想は #ホロぐら でお待ちしております

本編はコチラ
https://youtu.be/rkdPOhUxYFg",#紫咲シオン #ホロライブ #ホロぐら  ,2020-02-02T09:00:51+00:00,19,1511,3952,-1
"【プレゼント企画実施中】

1/24 #とまらないホロライブ ニコ生視聴チケット購入者を対象に、抽選で合計30名様に公演ポスターをプレゼント
チケット購入は2/9 23:59まで！

▼視聴チケット購入・企画詳細はこちら
 https://secure.live.nicovideo.jp/event/nonstop_hololive…

#おわらないホロライブ",#とまらないホロライブ #おわらないホロライブ,2020-02-02T03:00:00+00:00,5,384,1066,-1
"2月2日日曜日
おはようございます！ #おはようホロライブ です。

hololive 1st fes.『ノンストップ・ストーリー』
ネットチケット購入や視聴可能期限まで残り約1週間です！！
https://live2.nicovideo.jp/watch/lv323506379…

本日もホロライブをよろしくお願いします！",#おはようホロライブ,2020-02-01T23:47:56+00:00,258,1615,4088,-1
"また絶望してる……

#ホロライブ 所属VTuberの3Dアニメ「ホロのぐらふぃてぃ」第39話は明日、2/2の夜ごろ公開

過去最多登場の前回
https://youtu.be/NJUkbQJ8swM

#大空スバル",#ホロライブ #大空スバル,2020-02-01T12:00:06+00:00,84,1012,3118,-1
"【 #おわらないホロライブ 】
エビテンニュータイプ アニメマーケットにて、
1/24開催「hololive 1st fes. ノンストップ・ストーリー」 #とまらないホロライブ 全グッズが販売中！

お買い逃がしの無いようお気を付けください！

販売ページはこちら↓
https://ebten.jp/newtype/1451",#おわらないホロライブ #とまらないホロライブ,2020-02-01T02:59:00+00:00,0,345,948,-1
"2月1日土曜日
おはようございます！　#おはようホロライブ です。

所属タレントスケジュールまるわかり
https://schedule.hololive.tv

それでは今日もホロライブをよろしくお願いします！",#おはようホロライブ,2020-01-31T23:13:00+00:00,68,1283,3332,-1
"【プレゼント企画実施中】

1/24 #とまらないホロライブ ニコ生視聴チケット購入者を対象に、抽選で合計30名様に公演ポスターをプレゼント
チケット購入は2/9 23:59まで！

▼視聴チケット購入・企画詳細はこちら
 https://secure.live.nicovideo.jp/event/nonstop_hololive…

#おわらないホロライブ",#とまらないホロライブ #おわらないホロライブ,2020-01-31T09:00:00+00:00,11,488,1244,-1
"【商品情报 -住在海外的观众-】
「hololive 1st fes. Non Stop Story」的周边商品目前正在贩卖中！
住在日本以外的用户也可以通过点击进入下属网站链接来进行购买，请务必点击使用哦！

(英语网站)
https://geekjack.net/non-stop-story/language/en…
(中文网站)
https://geekjack.net/non-stop-story/language/zh-TW…", ,2020-01-31T03:02:22+00:00,0,70,280,-1
"1月31日金曜日
おはようございます！ #おはようホロライブ です。
もう、1月が、終わります！

『行く一月、逃げる二月、去る三月』、やり残しのないように進みましょう

更新頻度UPのホロジュール
https://schedule.hololive.tv

それでは今日もホロライブをよろしくお願いします！",#おはようホロライブ,2020-01-30T21:30:00+00:00,111,1476,3841,-1
"1月30日木曜日
おはようございます！ #おはようホロライブ です。

所属VTuberの配信スケジュールサイト「ホロジュール」が約15分毎の更新になりました
https://schedule.hololive.tv

それでは今日もホロライブをよろしくお願いします！",#おはようホロライブ,2020-01-29T21:30:00+00:00,118,1673,4508,-1
"【商品情報②】
尚、ライブグッズの一部が２月中旬に開催されるポップアップストアイベントで先行で再販される予定です。
通販商品がお手元に届く前に、ポップアップストアイベントが開催される可能性がございますので、予めご了承ください。
ポップアップストアの詳細は追って告知いたします。",,2020-01-29T10:06:46+00:00,3,391,935,-1
"【商品情報①】
エビテンニュータイプ アニメマーケットにて、1/24に開催された「hololive 1st fes. ノンストップ・ストーリー」のグッズが販売開始になりました！

お買い逃がしの無いようお気を付けください！

販売ページはこちら↓
https://ebten.jp/newtype/1451

#おわらないホロライブ

(続く)",#おわらないホロライブ,2020-01-29T10:06:45+00:00,76,2042,3492,-1
"【アップデートのお知らせ】
「#ホロジュール」のアップデートを実施いたしました！

＜ホロジュールの更新頻度UP＞
「ホロジュール」の更新頻度が15分毎になりました。また、配信中の放送には赤い枠が表示されるようになりました。

ホロジュールの確認はこちら",#ホロジュール,2020-01-29T03:27:04+00:00,44,670,1922,-1
"【♬お知らせ♬】

「ときのそら」が3月4日に発売するミニアルバム『My Loving』のティーザー映像を公開！
https://youtu.be/7u5LqiFPdHs

AZKiとの #SorAZ コラボが実現した「刹那ティックコード」など、合計6曲収録！

▼店舗特典・インストアイベント等詳細はココ！",#SorAZ ,2020-01-29T03:00:00+00:00,1,488,1371,-1
"1月29日水曜日
おはようございます！ #おはようホロライブ です。

1/24 #とまらないホロライブ 公式レポート公開中！
https://prtimes.jp/main/html/rd/p/000000214.000030268.html…

1/24アーカイブ(有料)放送中！2/10まで何度でも全曲視聴可能!
https://live2.nicovideo.jp/watch/lv323506379…

それでは今日もホロライブをよろしくお願いします！！",#おはようホロライブ #とまらないホロライブ,2020-01-28T22:06:18+00:00,110,1699,4342,-1
"本日20:00～はホロライブのみんなでみんなでDBD！
一人一回キラーをプレイします

まったりオフコラボなゲーム配信です
のんびりとご視聴下さい

前半20:00～
【ニコニコ公式】
https://live2.nicovideo.jp/watch/lv323880607…
後半21:00～
【チャンネル会員限定】",,2020-01-28T10:04:49+00:00,9,630,1733,-1
"【 #おわらないホロライブ 】

1/24 #とまらないホロライブ 公式レポート公開
超満員の豊洲PITで行われた最高の一日の振り返りを…
公式フォトも盛り沢山！

▼記事
https://prtimes.jp/main/html/rd/p/000000214.000030268.html…

▼1/24アーカイブ(有料)放送中！2/10まで何度でも全曲視聴可能!
→ ",#おわらないホロライブ #とまらないホロライブ,2020-01-28T09:00:00+00:00,14,1063,2317,-1
"1月28日火曜日
おはようございます！ #おはようホロライブ です。
寒い！ですね！

心がハートフルになる(?)おはホロをお届けします。

それでは今日もホロライブをよろしくお願いします！",#おはようホロライブ,2020-01-27T22:18:58+00:00,189,2093,5697,-1
"1月27日月曜日
おはようございます！ #おはようホロライブ です。
しばらくアイドル衣装は見れないと言ったな、あれはうそだ！

そしておはホロ初の試みが！占い結果が見えない

それでは今日もホロライブをお願いします！",#おはようホロライブ,2020-01-26T22:20:10+00:00,302,3144,7951,-1
"【大丸情報】
下記商品につきまして、持ち込み分すべて完売いたしました。誠に恐れ入ります。

【ライブグッズ】
・オリジナルトートバッグ
・オリジナルマフラータオル

#おわらないホロライブ",#おわらないホロライブ,2020-01-26T14:20:38+00:00,3,113,532,-1
"【ショートアニメ更新】

ホロライブ1st fes「ノンストップ・ストーリー」で公開されたホロぐらをYouTubeでもお楽しみください！

#ホロライブ 所属VTuberのアニメ「ホロのぐらふぃてぃ」
感想は #ホロぐら でお待ちしております

本編はコチラ
https://youtu.be/NJUkbQJ8swM",#ホロライブ #ホロぐら ,2020-01-26T11:01:44+00:00,23,2078,5302,-1
"【プレゼント企画実施中】

1/24 #とまらないホロライブ ニコ生視聴チケット購入者を対象に、抽選で合計30名様に公演ポスターをプレゼント
チケット購入は2/9 23:59まで！

▼視聴チケット購入・企画詳細はこちら
 https://secure.live.nicovideo.jp/event/nonstop_hololive…

#おわらないホロライブ",#とまらないホロライブ #おわらないホロライブ,2020-01-26T09:00:00+00:00,10,720,1750,-1
"【大丸情報】
下記商品につきまして、全日分および持ち込み分すべて完売いたしました。誠に恐れ入ります。

【ライブグッズ】
・全員集合Tシャツ　Ｍサイズ

【大丸】
・ブラインド缶バッジ",,2020-01-26T03:10:44+00:00,0,121,534,-1
"まだだ…
          まだ #おわらないホロライブ なんだよ…!

ということで、1/24 #とまらないホロライブ 
オフィシャルフォトの一部、セットリスト公開
Photo By Ayo Kajino 
@ayokajino
▼1/24アーカイブ(有料)、
2/10まで何度でも全曲視聴可能!2/9迄チケット発売中
→ https://live.nicovideo.jp/watch/lv323506379…",#おわらないホロライブ #とまらないホロライブ,2020-01-26T03:00:00+00:00,20,1449,3535,-1
"【大丸情報】
下記商品につきまして、全日分および持ち込み分すべて完売いたしました。誠に恐れ入ります。

【ライブグッズ】
・記念アクリルパネル
・オリジナルジップパーカー

【絵馬】
・紫咲シオン",,2020-01-26T01:50:23+00:00,8,176,753,-1
"1月26日日曜日
おはようございます！ #おはようホロライブ です。

本日16:00~ 
#星街すいせい #赤井はあと #不知火フレア の3人がノンストップ・ストーリーを振り返ります！

同時視聴枠はこちら
https://youtu.be/NRCSnzG5O54

本日もホロライブをよろしくお願いします！",#おはようホロライブ #星街すいせい #赤井はあと #不知火フレア,2020-01-25T22:01:53+00:00,72,1139,3022,-1
"【 #おわらないホロライブ 】
豊洲pitで公開したホロぐらをYouTubeで

#ホロライブ 所属VTuberの3Dアニメ「ホロのぐらふぃてぃ」第38話は明日、1/26の夜ごろ公開

ノンストップストーリーの前日譚!?な前回
https://youtu.be/tMqcIXNtdh8",#おわらないホロライブ #ホロライブ,2020-01-25T12:38:07+00:00,30,1136,2999,-1
"※訂正※
日付に誤りがございました。
正しくは明日、1月26日（日）からとなります。

喫緊のご案内となり恐れ入りますが、引き続き「#ホロライブプロダクション」の応援を何卒よろしくお願い申し上げます。",#ホロライブプロダクション,2020-01-25T09:09:34+00:00,0,127,465,-1
"販売は明日、1月25日（日）からとなります。
持ち込み分のみの販売となりますので、ぜひ「大丸梅田店 × ホロライブプロダクション」限定ショップまでお越しくださいませ。",,2020-01-25T09:02:39+00:00,5,126,490,-1
"【速報 大丸でライブグッズを少量販売！】
現在開催中の「大丸梅田店 × ホロライブプロダクション」限定ショップに、少量ですがライブグッズを販売いたします　大丸での再入荷は致しませんのでぜひお買い求めください！

※一部商品は販売致しません。予めご了承下さい。

#おわらないホロライブ",#おわらないホロライブ,2020-01-25T09:01:37+00:00,32,549,1166,-1
"【3Dモデルのお披露目について】
#不知火フレア ・ #宝鐘マリン ・ #星街すいせい 3名の3Dモデルのお披露目は、豊洲ライブとは別に改めて実施いたします

万全の態勢でお披露目できるよう鋭意準備しておりますので、今後とも変わらぬ応援を何卒よろしくお願いいたします！

#おわらないホロライブ",#不知火フレア #宝鐘マリン #星街すいせい #おわらないホロライブ,2020-01-25T08:00:00+00:00,57,2264,5757,-1
"【同時視聴放送決定】
一緒にあのライブを見ませんか？
#星街すいせい #赤井はあと #不知火フレア の3人がノンストップ・ストーリーを振り返ります！

同時視聴枠はこちら
https://youtu.be/NRCSnzG5O54

2/9までネット視聴チケット発売中！
https://secure.live.nicovideo.jp/event/nonstop_hololive…",#星街すいせい #赤井はあと #不知火フレア ,2020-01-25T07:27:12+00:00,51,1329,3085,-1
"【お詫び】
ネットチケット購入ページのお知らせに「一部楽曲の音声が視聴できない」旨を記載しておりましたが…
全曲視聴することができます！
お楽しみください！",,2020-01-25T03:58:42+00:00,146,1186,2481,-1
"【アーカイブ公開しました】
あの熱狂はおわならい！
タイムシフトで2/10までなら何度でも視聴可能です！
「hololive 1st fes. ノンストップ・ストーリー」のネットチケットは2/9まで発売中！

ネットチケットはこちらから
https://live.nicovideo.jp/watch/lv323506379… 

#おわらないホロライブ",#おわらないホロライブ,2020-01-25T03:58:42+00:00,26,1139,2890,-1
"昨日はhololive 1st Fes. 『ノンストップ・ストーリー』 ありがとうございました！

公演(生放送)に関するアンケートを作成致しました。
是非ご回答ご協力お願いします！
https://docs.google.com/forms/d/1zEpF3qXGFFQhrCr3d0biqG5FULEr2OU1uIzuXYQbQJQ/viewform?edit_requested=true…

昨日のライブを再び見るには下記URLをチェック！
https://secure.live.nicovideo.jp/event/nonstop_hololive…",,2020-01-25T03:00:00+00:00,28,831,1935,-1
"昨日は「hololive 1st fes. ノンストップ・ストーリー」をご覧いただきありがとうございました！ 感想は #おわらないホロライブ をつけてぜひツイートください

2月9日までネットチケットも購入可能ですので、ぜひ見返してみてください

ネットチケットはこちら
https://live.nicovideo.jp/watch/lv323506379…",#おわらないホロライブ,2020-01-25T01:00:00+00:00,7,512,1538,-1
"【大丸情報】
「大丸梅田店×ホロライブプロダクション」限定ショップにつきまして、缶バッジ、ファンブック、AZKiグッズ、限定トレカなどを再入荷致しました！

1月25日(土)・26日(日)は多くのお客様のご来店が予想されるため、下記URLを参考にお越し下さい。

詳細はコチラ
https://daimaru.co.jp/umedamise/news/20200124200456.html…",,2020-01-24T22:13:53+00:00,0,221,680,-1
"1月25日土曜日
おはようございます！ #おはようホロライブ です。
早起きできるか一番心配な朝でした。

#とまらないホロライブ TS公開中！
https://live2.nicovideo.jp/watch/lv323506379…

アイドル衣装でアフタートーク
https://live2.nicovideo.jp/watch/lv323964856…

それでは今日からもホロライブをよろしくお願いします！！",#おはようホロライブ #とまらないホロライブ,2020-01-24T22:11:44+00:00,114,1364,3604,-1
"【お知らせ】
 #とまらないホロライブ 最速アフタートーク配信が始まりました！放送の冒頭部分は無料配信です

彼女たちがアイドル衣装で登場！お見逃し無く！

放送はこちら
https://live2.nicovideo.jp/watch/lv323964856…

※途中から有料パートとなり、全編を視聴するにはファンクラブ会員登録が必要となります。",#とまらないホロライブ,2020-01-24T14:12:42+00:00,0,446,1346,-1
"【 物販遅延の経緯報告とお詫び(3)】
物販につきましては、先にアナウンスさせていただいた通り、後日通販での販売をご案内させていただきます。
今後のイベントにおいて、再発防止を徹底いたします。
引き続きよろしくお願い申し上げます。",,2020-01-24T13:32:14+00:00,67,451,1722,-1
"【 物販遅延の経緯報告とお詫び(2)】
販売スタッフのシミュレーション不足、
物販レギュレーションの見通し不足により、お客様を長時間お待たせする事態と相成りました。
こちらを受け、本日の改善策と致しまして、
<続く>",,2020-01-24T13:32:14+00:00,1,385,1595,-1
"【 物販遅延の経緯報告とお詫び(1) 】
この度は「hololive 1st fes. ノンストップ・ストーリー」にお越し頂きありがとうございます。
併せて、本会場における当日物販について、ファンの皆様を長時間お待たせし、ご不快な思いをさせてしまい、誠に申し訳ございません。
<続く>",,2020-01-24T13:32:13+00:00,53,763,2899,-1
"【物販終了と通販開始のお知らせ】
本日は「hololive 1st fes. ノンストップ・ストーリー」にお越しいただき誠にありがとうございました。事後通販につきましては、1月29日（水）から開始いたします。
詳細は後日お知らせいたしますので、お楽しみにお待ちください。

#とまらないホロライブ",#とまらないホロライブ,2020-01-24T13:14:23+00:00,147,1565,3905,-1
"【ネットチケット発売中!! 】
今日の思い出をもう一度見返せる！
「hololive 1st fes. ノンストップ・ストーリー」のネットチケットは2/9まで発売中
タイムシフトで2/10までなら何度でも視聴可能です

ネットチケットはこちらから
https://live.nicovideo.jp/watch/lv323506379… 

#とまらないホロライブ",#とまらないホロライブ,2020-01-24T12:56:55+00:00,28,1164,2703,-1
"Photo By Ayo Kajino 
@ayokajino",,2020-01-24T12:54:10+00:00,1,150,966,-1
"本日は「hololive 1st fes. ノンストップ・ストーリー」をご覧頂き、誠にありがとうございました！皆様のおかげで、ホロライブはここまで走ることができました。

ホロライブはさらに飛躍して、まだまだ《とまらず》に突き進んで参ります。ご声援よろしくお願いいたします！

#とまらないホロライブ",#とまらないホロライブ,2020-01-24T12:53:05+00:00,801,6223,15305,-1
"【 ただいま公演中！】
これからも、とまらない、おわらない！

 キラメキライダー☆（みんな）

ネットチケットはこちらから
https://live.nicovideo.jp/watch/lv323506379… 

Photo By Ayo Kajino 
@ayokajino
 
#とまらないホロライブ",#とまらないホロライブ,2020-01-24T12:44:48+00:00,45,1439,3886,-1
"【 ただいま公演中！】
みなさんにたくさん見て欲しいです！

 新宝島（ゲーマーズ）
 Connecting（3期生）
 気まぐれメルシィ（そら・フブキ・あくあ）

ネットチケットはこちらから
https://live.nicovideo.jp/watch/lv323506379… 

Photo By Ayo Kajino ",,2020-01-24T12:28:12+00:00,6,1070,2934,-1
"大変失礼いたしました
歌唱メンバーに誤りがございましたので訂正いたします。

 Dream☆Story（そら・ロボ子・みこ・すいせい・AZKi）",,2020-01-24T12:05:10+00:00,6,270,1047,-1
"【 ただいま公演中！】
アイドル衣装で登場です

 Dream☆Story（そら・みこ・すいせい・AZKi）
 夢見る空へ（1期生）
 五等分の気持ち（2期生）

ネットチケットはこちらから
https://live.nicovideo.jp/watch/lv323506379… 

Photo By Ayo Kajino ",,2020-01-24T12:00:28+00:00,8,1204,3219,-1
"【 ただいま公演中！】
彼女たちに声援を

 Say!ファンファーレ!（白上フブキ）
 Booo!（紫咲シオン）
 天ノ弱（不知火フレア）

ネットチケットはこちらから
https://live.nicovideo.jp/watch/lv323506379… 

Photo By Ayo Kajino ",,2020-01-24T11:34:59+00:00,7,1092,2678,-1
"【 ただいま公演中！】
アイドルとして輝けていますか？

 Lost my music（宝鐘マリン）
 シャ・ル・イース（アキ・ローゼンタール）
 太陽系デスコ（白銀ノエル）

ネットチケットはこちらから
https://live.nicovideo.jp/watch/lv323506379… 

Photo By Ayo Kajino ",,2020-01-24T11:25:00+00:00,16,1099,2601,-1
"【 ただいま公演中！】
みなさんの声援が力になります

 金曜日のおはよう（大空スバル）
 without U（AZKi）
 千本桜（百鬼あやめ）

ネットチケットはこちらから
https://live.nicovideo.jp/watch/lv323506379… 

Photo By Ayo Kajino ",,2020-01-24T11:19:24+00:00,14,1050,2511,-1
"【 ただいま公演中！】
みんなのライブ、一緒に盛り上げましょう！


 天球、彗星は夜を跨いで（星街すいせい）
 私、アイドル宣言（赤井はあと）
 惑星ループ（猫又おかゆ）

ネットチケットはこちら
https://live.nicovideo.jp/watch/lv323506379… 

Photo By Ayo Kajino ",,2020-01-24T11:10:01+00:00,6,1194,2769,-1
"【 ただいま公演中！】
みなさんの涙腺は大丈夫ですか？


 ♡桃色片思い♡（湊あくあ）
 こちら、幸福安心委員会です。（戌神ころね）
 『13』（潤羽るしあ）

ネットチケットはこちらから
https://live.nicovideo.jp/watch/lv323506379… 

Photo By Ayo Kajino ",,2020-01-24T11:02:42+00:00,45,1301,3098,-1
"【 ただいま公演中！】
ライブ会場の熱量も最高潮！

 おじゃま虫（癒月ちょこ）
 はなびら（ロボ子さん）
 夜もすがら君想ふ（大神ミオ）

ネットチケットはこちらから
https://live.nicovideo.jp/watch/lv323506379… 

Photo By Ayo Kajino ",,2020-01-24T10:52:46+00:00,2,975,2423,-1
"【 ただいま公演中！】
開幕から飛ばしていきましょう！
ツイート担当者の涙腺が崩壊しています！

 Shiny Smily Story（みんな） 
 ファンサ（夏色まつり） 
 fancy baby doll（兎田ぺこら）

#とまらないホロライブ",#とまらないホロライブ,2020-01-24T10:37:10+00:00,32,1519,3612,-1
"オープニングが始まりました
と、同時に世界のトレンド1位を達成しました
本当にありがとうございます！

最高のスタートと同時に最高のライブをお届けします！
ライブ中に歌った曲目は本アカウントから随時お知らせいたします！

#とまらないホロライブ",#とまらないホロライブ,2020-01-24T10:18:45+00:00,56,2020,5088,-1
"【  ラ イ ブ 開 演  】
「hololive 1st fes. ノンストップ・ストーリー」開場
ニコ生で同時視聴できるチケットも販売中！ぜひご覧ください！

ネットチケットはこちらから
https://live.nicovideo.jp/watch/lv323506379… 

#とまらないホロライブ",#とまらないホロライブ,2020-01-24T10:01:46+00:00,2,336,829,-1
"【 #とまらないホロライブ 物販完売情報】
現在、画像の赤バツマークの商品が完売しております。
何卒ご了承下さい。
宜しくお願い致します。",#とまらないホロライブ,2020-01-24T09:56:38+00:00,3,180,583,-1
"【改めて…4期生と一緒に！】

気持ちはみんな豊洲だよ！
 #桐生ココ Chで #とまらないホロライブ 同時視聴会放送中！
#天音かなた #常闇トワ #姫森ルーナ #角巻わため #桐生ココ が視聴・実況!

▼同時視聴枠
https://youtube.com/watch?v=E_iWsNcHnYY…

▼1/24 ネットチケット発売中！",#桐生ココ #とまらないホロライブ #天音かなた #常闇トワ #姫森ルーナ #角巻わため #桐生ココ,2020-01-24T09:46:08+00:00,2,544,1533,-1
"日本のトレンド1位、ありがとうございます。

引き続き、世界も目指したいです。
みなさま #とまらないホロライブ でツイートよろしくお願いします？！！！！

▼ニコ生視聴チケットも発売中！冒頭のみ無料でチラ見せ！2/10まで何度も見放題！
https://secure.live.nicovideo.jp/event/nonstop_hololive…",#とまらないホロライブ,2020-01-24T09:42:48+00:00,68,1466,3384,-1
"【 #とまらないホロライブ 物販完売情報】
続いて、以下の商品が完売致しました。

・フルグラフィックTシャツ
・ジップパーカー
・えーちゃんTシャツ L/XLサイズ
・缶バッジセット
・記念アクリルパネル
・アクキー 星街すいせい
・アクスタ 全セット

何卒ご了承下さい。
宜しくお願い致します。",#とまらないホロライブ,2020-01-24T09:25:56+00:00,2,221,739,-1
"【  ライブ開場  】
「hololive 1st fes. ノンストップ・ストーリー」豊洲Pitが開場いたしました　ニコ生で同時視聴できるチケットも販売中！ぜひご覧ください！

ネットチケットはこちらから
https://live.nicovideo.jp/watch/lv323506379… 

#とまらないホロライブ",#とまらないホロライブ,2020-01-24T09:15:12+00:00,0,805,1526,-1
"【 入場準備開始！】
ただいまより入場準備を開始いたします
整理番号順でアナウンスさせていただきますので、
係員に従って、お並びください。

#とまらないホロライブ",#とまらないホロライブ,2020-01-24T08:33:23+00:00,5,414,1415,-1
"【 #とまらないホロライブ 物販完売情報】
続いて、以下の商品が完売致しました。

・アクリルキーホルダー
猫又おかゆ / 兎田ぺこら / 潤羽るしあ / 戌神ころね

何卒ご了承下さい。
宜しくお願い致します。",#とまらないホロライブ,2020-01-24T08:29:30+00:00,1,226,735,-1
"【 #とまらないホロライブ 物販情報について(4)】
また、先ほど事後通販の実施なしと発表したホロライブレード、えーちゃんTシャツ、プレミアムチケットに関して、後日通販が決定致しました！

詳細は後日、本アカウントからアナウンス致します。
改めて、対応遅くなりましたことお詫び申し上げます。",#とまらないホロライブ,2020-01-24T08:26:33+00:00,178,1359,1962,-1
"【 #とまらないホロライブ 物販情報について(3)】
物販は開演中・終演後（～22:30まで）も実施致します。
お客様の整理番号によっては係の呼び出し終了後の入場となる可能性がございますので、申し訳ございませんが予めご了承下さい。

物販列は22:30になり次第、並びに関わらず締め切ります。

<続く>",#とまらないホロライブ,2020-01-24T08:26:33+00:00,1,259,804,-1
"【 #とまらないホロライブ 物販完売情報】
続いて、以下の商品が完売致しました。

・アクリルスタンドセット4
・アクリルスタンドセット5

何卒ご了承下さい。
宜しくお願い致します。",#とまらないホロライブ,2020-01-24T07:06:24+00:00,3,298,756,-1
"【 #とまらないホロライブ 物販情報について(2) 】

本日販売するグッズはホロライブレード・プラチナチケット・えーちゃんTシャツ以外全て事後通販を致します。

詳細については、追って本アカウントからアナウンス致します。

大変恐縮ではございますが、何卒ご了承の程よろしくお願い致します。",#とまらないホロライブ,2020-01-24T07:01:54+00:00,109,1339,1855,-1
"【 #とまらないホロライブ 物販情報について(1) 】
お並びいただいているお客様へアナウンスいたします。

今から物販列に並ばれた際、在庫の関係上、一部グッズが購入できない可能性がございます。

弊社側の対応が至らず、大変申し訳ございません。

<次のツイートに続きます>",#とまらないホロライブ,2020-01-24T07:01:54+00:00,7,672,1750,-1
"【 #とまらないホロライブ 物販完売情報】
続いて、以下の商品が完売致しました。

・アクリルスタンドセット2
・記念アクリルパネル

何卒ご了承下さい。
宜しくお願い致します。",#とまらないホロライブ,2020-01-24T06:37:38+00:00,32,531,990,-1
"【 #とまらないホロライブ 物販完売情報】
以下の商品が完売致しました。

・ノンストップTシャツ白/黒(Mサイズ/他サイズは有)
・全員集合Tシャツ(Mサイズ/他サイズは有)
・えーちゃんTシャツ(Mサイズ/他サイズは有)

何卒ご了承下さい。
宜しくお願い致します。",#とまらないホロライブ,2020-01-24T06:09:23+00:00,10,728,1663,-1
"【ネットチケット発売中!! 】
「hololive 1st fes. ノンストップ・ストーリー」のネットチケットは現在好評発売中
タイムシフトで2/10までなら何度でも視聴可能です

ネットチケットはこちらから
https://live.nicovideo.jp/watch/lv323506379… 

#とまらないホロライブ",#とまらないホロライブ,2020-01-24T05:41:17+00:00,2,350,869,-1
"【イベント当日物販 開始のお知らせ】 
ただいまより当日物販を開始いたします
※チケットをお持ち出ない方も購入可能です！

購入を終えたお客様は、近隣のご迷惑にならないよう、会場付近の滞留をお控えください。ご理解・ご了承の程、何卒よろしくお願い申し上げます。

#とまらないホロライブ",#とまらないホロライブ,2020-01-24T04:00:06+00:00,14,683,1908,-1
"【 #とまらないホロライブ お知らせ 】

CD予約販売ブースで
#ときのそら 『My Loving』予約『Dreaming!』販売
#AZKi 『without U』販売決定!

『My Loving』予約者には本日限定の予約特典として、スペシャルブロマイドプレゼント!(*後日受け渡しになります)

▼詳細はココ！",#とまらないホロライブ #ときのそら #AZKi,2020-01-24T03:10:45+00:00,0,387,1119,-1
"【お知らせ】
今日23時〜 #とまらないホロライブ 最速アフタートーク配信、放送の冒頭部分のみを無料配信決定!

何と…3D…アイドル衣装…
…見れちゃう…かも?!

▼放送はココ！
https://live2.nicovideo.jp/watch/lv323964856…

※途中から有料パートとなり、全編を視聴するにはファンクラブ会員登録が必要となります。",#とまらないホロライブ,2020-01-24T02:55:00+00:00,8,707,1988,-1
"【お知らせ】
今日18:30〜 #とまらないホロライブ のニコニコ生放送配信に関しまして、イベントの冒頭部分のみを無料配信する事が決定いたしました。

▼放送はココ！
https://live2.nicovideo.jp/watch/lv323506379…

※尚、途中から有料パートとなり、全編を視聴するには視聴チケットの購入が必要となります。",#とまらないホロライブ,2020-01-24T02:54:00+00:00,7,708,1496,-1
"トレンド？！？！

引き続き、みなさま #とまらないホロライブ でツイートよろしくお願いします？！？！！！！！

▼ニコ生視聴チケットも発売中！冒頭のみ無料でチラ見せ！2/10まで何度も見放題！
https://secure.live.nicovideo.jp/event/nonstop_hololive…

▼豊洲現地組への注意事項",#とまらないホロライブ,2020-01-24T02:25:29+00:00,20,673,1753,-1
"( #とまらないホロライブ 物販列でお待ちの方へ…!)

▼ここに #とまらないホロライブ 放送済 & これから放送予定の特集まとまってますよ…!
https://ch.nicovideo.jp/hololive/blomaga/ar1857821…

▼エキレビ！ 
@Excite_Review
  #夏色まつり #癒月ちょこ #白銀ノエル インタビュー前後編もありますよ…!
https://excite.co.jp/news/article/E1579617651806/…",#とまらないホロライブ #とまらないホロライブ #夏色まつり #癒月ちょこ #白銀ノエル,2020-01-24T00:36:11+00:00,9,525,1457,-1
"【 物販初期列 形成開始！】
9時より物販の初期列を形成いたします
先着順で列を形成いたします。急がずに係員の指示に従って、お並びください。

#とまらないホロライブ",#とまらないホロライブ,2020-01-23T23:55:07+00:00,4,305,890,-1
"【 本 日 開 演 】 
いよいよ今日「hololive 1st fes. ノンストップ・ストーリー」が開催　当日の様子は本アカウントより随時お届けします

感想は #とまらないホロライブ で投稿して、トレンド1位を目指して応援お願いいたします！

ネットチケットはこちらから
https://live.nicovideo.jp/watch/lv323506379…",#とまらないホロライブ,2020-01-23T23:31:23+00:00,14,1211,2906,-1
"【ご注意を！】
本日の #とまらないホロライブ 物販列はAM9:00形成となります。
現在豊洲PIT付近でお客様で作られている列は全て無効となります。
時間を確認し、皆で楽しい一日にしましょう！

▼注意事項(物販に関するレギュレーション記載アリ！)",#とまらないホロライブ,2020-01-23T22:34:08+00:00,60,1266,2403,-1
"【お知らせ】
今日23時〜 #とまらないホロライブ 最速アフタートーク配信、放送の冒頭部分のみを無料配信決定!

何と…3D…アイドル衣装…
…見れちゃう…かも?!

▼放送はココ！
https://live2.nicovideo.jp/watch/lv323964856…

※途中から有料パートとなり、全編を視聴するにはファンクラブ会員登録が必要となります。",#とまらないホロライブ,2020-01-23T22:01:00+00:00,2,592,1630,-1
"【 開 催 当 日 】

いよいよやってまいりました！
本日 #とまらないホロライブ にご来場される方は今一度HPをチェックし、注意事項をご確認ください。ルールを守って、楽しい1日にしましょう！
https://nonstop.hololive.tv/info

ニコ生視聴チケットも発売中！2/10まで何度も見放題！
https://secure.live.nicovideo.jp/event/nonstop_hololive…",#とまらないホロライブ,2020-01-23T22:00:00+00:00,5,977,2210,-1
"1月24日金曜日
おはようございます！ #おはようホロライブ です。
#湊あくあ フルチャージです。

hololive 1st fes.『ノンストップ・ストーリー』

当日

今日はライブに関するお知らせ投稿が多くなります

それでは今日もホロライブをよろしくお願いします！",#おはようホロライブ #湊あくあ,2020-01-23T21:28:59+00:00,144,1626,3800,-1
"【お知らせ】
明日1/24 #とまらないホロライブ のニコニコ生放送配信に関しまして、イベントの冒頭部分のみを無料配信する事が決定いたしました。

▼放送はココ！
https://live2.nicovideo.jp/watch/lv323506379…

※尚、途中から有料パートとなり、全編を視聴するには視聴チケットの購入が必要となります。",#とまらないホロライブ,2020-01-23T13:00:00+00:00,36,1134,2262,-1
"【メンテナンス終了のお知らせ】
ストア反映の遅延により延長しておりましたメンテナンス作業が完了しました。
#ホロリー で #とまらないホロライブ のスペシャルコンテンツとして「大神ミオ」「夏色まつり」の期間限定メッセージが視聴可能です。

ぜひホロリーのカメラモードからご視聴ください。",#ホロリー #とまらないホロライブ,2020-01-23T05:31:39+00:00,1,270,751,-1
"【ボイス販売情報】
「兎田ぺこら 誕生日記念ボイス」販売中！
1/27(月) 12:00までに特典付き全部セットをご購入の方には、「しらなたまな先生描き下ろし 兎田ぺこら直筆サイン入りポストカード」が付いてきます！

販売ページはこちら↓
https://hololive.booth.pm/items/1770801

#兎田ぺこら #ホロライブ",#兎田ぺこら #ホロライブ,2020-01-23T04:02:25+00:00,0,177,590,-1
"潤羽るしあ HAPPY BIRTHDAY
「潤羽るしあ 誕生日記念ボイス」販売中！
2/10(月)12:00までに特典付き全部セットをご購入の方には、「やすゆき先生描き下ろし 潤羽るしあ直筆サイン入りポストカード」が付いてきます！

販売ページはこちら↓
https://hololive.booth.pm/items/1794254

#潤羽るしあ #ホロライブ",#潤羽るしあ #ホロライブ,2020-01-23T04:02:03+00:00,1,344,1169,-1
"【今日放送】

1/24 #とまらないホロライブ に向けて!

▼21時「みんなの考えた最強グッズ」 #ときのそら #夏色まつり #白銀ノエル
https://youtu.be/rERWLuTUpnQ

▼22時「ライブ直前、メンバー凸待ち!」 #えーちゃん
https://youtu.be/Y1pMXZG6t5Y

▼1/24視聴チケット発売中!",#とまらないホロライブ #ときのそら #夏色まつり #白銀ノエル #えーちゃん,2020-01-23T03:10:00+00:00,1,363,860,-1
"【4期生と一緒に】

気持ちはみんな豊洲だよ！
1/24 18:30〜 #桐生ココ Chで #とまらないホロライブ 同時視聴会実施決定！
#天音かなた #常闇トワ #姫森ルーナ #角巻わため #桐生ココ が視聴・実況！

▼同時視聴枠
https://youtube.com/watch?v=E_iWsNcHnYY…

▼1/24 ネットチケット発売中！",#桐生ココ #とまらないホロライブ #天音かなた #常闇トワ #姫森ルーナ #角巻わため #桐生ココ,2020-01-23T03:05:00+00:00,14,1128,2470,-1
"【重大発表】

1/24 #とまらないホロライブ 終了後、
当日23時〜公式FC会員限定(ニコニコ)で
#白上フブキ #大神ミオ #さくらみこ #兎田ぺこら 参加の公演後最速アフタートーク実施決定！

▼入会&視聴はココ!
https://live2.nicovideo.jp/watch/lv323964856…

▼1/24 ニコ生視聴チケット発売中!",#とまらないホロライブ #白上フブキ #大神ミオ #さくらみこ #兎田ぺこら,2020-01-23T03:00:00+00:00,14,1065,2422,-1
"【お知らせ】

1/24 #とまらないホロライブ に向け
エキレビ！ 
@Excite_Review
 で #夏色まつり #癒月ちょこ #白銀ノエル 鼎談インタビュー後編公開!

▼記事はココ(前編もココから!)
https://excite.co.jp/news/article/E1579708630932/…

https://twitter.com/Excite_Review/status/1220148730113875970…

▼1/24ニコ生視聴チケット発売中!
 ",#とまらないホロライブ #夏色まつり #癒月ちょこ #白銀ノエル,2020-01-23T01:19:32+00:00,0,455,1183,-1
"1月23日木曜日
おはようございます！ #おはようホロライブ 木です。

hololive 1st fes.『ノンストップ・ストーリー』まで

あと日

それでは今日もホロライブをよろしくお願いします！",#おはようホロライブ,2020-01-22T22:52:40+00:00,136,1333,3359,-1
"【放送決定】

1/24 #とまらないホロライブ に向けて!

▼明日21時「みんなの考えた最強グッズ」 #ときのそら #夏色まつり #白銀ノエル
https://youtu.be/rERWLuTUpnQ

▼22時「ライブ直前、メンバー凸待ち!」 #えーちゃん
https://youtu.be/Y1pMXZG6t5Y

▼1/24視聴チケット発売中!",#とまらないホロライブ #ときのそら #夏色まつり #白銀ノエル #えーちゃん,2020-01-22T13:00:00+00:00,18,724,1756,-1
"【お詫びと訂正】
1/20発表の1/24 #とまらないホロライブ 「アクリルスタンド ３・４・５」価格に誤りがございました。

誤り→各¥5,000
訂正→各¥4,000

1/24当日注文票を持参するお客様は下記HP内画像をご活用下さい。
https://nonstop.hololive.tv/goods

ご迷惑をお掛け致しますが、宜しくお願い致します。",#とまらないホロライブ,2020-01-22T08:56:05+00:00,12,547,1207,-1
"【メンテナンス延長のお知らせ】
本日17:00終了を予定しておりましたが、ストアへの反映に時間を要しており延長させていただきます。ご迷惑をおかけして大変申し訳ございません。メンテナンス終了まで今しばらくお待ちください。
※ダウンロード済みのキャラクターは呼び出すことができます

#ホロリー",#ホロリー,2020-01-22T08:50:22+00:00,2,181,882,-1
"【放送決定】

1/24 #とまらないホロライブ に向けて!

▼明日21時「みんなの考えた最強グッズ」 #ときのそら #夏色まつり #白銀ノエル
https://youtu.be/rERWLuTUpnQ

▼22時「ライブ直前、メンバー凸待ち!」 #えーちゃん
https://youtu.be/Y1pMXZG6t5Y

▼1/24視聴チケット発売中!",#とまらないホロライブ #ときのそら #夏色まつり #白銀ノエル #えーちゃん,2020-01-22T13:00:00+00:00,18,724,1756,-1
"【お知らせ】

1/24 #とまらないホロライブ に向けて…

エキレビ！ 
@Excite_Review
 で #夏色まつり #癒月ちょこ #白銀ノエル 1〜3期生の夢みたい鼎談インタビュー前編公開！

▼記事はココ!
https://excite.co.jp/news/article/E1579617651806/…",#とまらないホロライブ #夏色まつり #癒月ちょこ #白銀ノエル,2020-01-22T03:05:00+00:00,2,581,1273,-1
